[ 1296465ms] ReferenceError: phone is not defined
    at SiteHeader (http://localhost:3000/_next/static/chunks/src_115b6fd._.js?id=%255Bproject%255D%252Fsrc%252Fcomponents%252FSiteHeader.tsx+%255Bapp-client%255D+%2528ecmascript%2529:968:59)
    at Object.react_stack_bottom_frame (http://localhost:3000/_next/static/chunks/node_modules_next_dist_compiled_react-dom_058-ah~._.js:15037:24)
    at renderWithHooks (http://localhost:3000/_next/static/chunks/node_modules_next_dist_compiled_react-dom_058-ah~._.js:4620:24)
    at updateFunctionComponent (http://localhost:3000/_next/static/chunks/node_modules_next_dist_compiled_react-dom_058-ah~._.js:6081:21)
    at beginWork (http://localhost:3000/_next/static/chunks/node_modules_next_dist_compiled_react-dom_058-ah~._.js:6691:24)
    at runWithFiberInDEV (http://localhost:3000/_next/static/chunks/node_modules_next_dist_compiled_react-dom_058-ah~._.js:965:74)
    at performUnitOfWork (http://localhost:3000/_next/static/chunks/node_modules_next_dist_compiled_react-dom_058-ah~._.js:9555:97)
    at workLoopSync (http://localhost:3000/_next/static/chunks/node_modules_next_dist_compiled_react-dom_058-ah~._.js:9449:40)
    at renderRootSync (http://localhost:3000/_next/static/chunks/node_modules_next_dist_compiled_react-dom_058-ah~._.js:9433:13)
    at performWorkOnRoot (http://localhost:3000/_next/static/chunks/node_modules_next_dist_compiled_react-dom_058-ah~._.js:9098:47)
    at performSyncWorkOnRoot (http://localhost:3000/_next/static/chunks/node_modules_next_dist_compiled_react-dom_058-ah~._.js:10263:9)
    at flushSyncWorkAcrossRoots_impl (http://localhost:3000/_next/static/chunks/node_modules_next_dist_compiled_react-dom_058-ah~._.js:10179:316)
    at flushSyncWork$1 (http://localhost:3000/_next/static/chunks/node_modules_next_dist_compiled_react-dom_058-ah~._.js:9230:86)
    at Object.scheduleRefresh (http://localhost:3000/_next/static/chunks/node_modules_next_dist_compiled_react-dom_058-ah~._.js:299:13)
    at http://localhost:3000/_next/static/chunks/node_modules_next_dist_compiled_0rpq4pf._.js:391:33
    at Set.forEach (<anonymous>)
    at Object.performReactRefresh (http://localhost:3000/_next/static/chunks/node_modules_next_dist_compiled_0rpq4pf._.js:384:38)
    at applyUpdate (http://localhost:3000/_next/static/chunks/node_modules_next_dist_compiled_0rpq4pf._.js:878:31)
    at http://localhost:3000/_next/static/chunks/node_modules_next_dist_compiled_0rpq4pf._.js:886:13
[ 1299566ms] [WARNING] [Fast Refresh] performing full reload because your application had an unrecoverable error @ http://localhost:3000/_next/static/chunks/node_modules_next_dist_115brz8._.js:2431
[ 1376605ms] ReferenceError: email is not defined
    at SiteHeader (http://localhost:3000/_next/static/chunks/src_115b6fd._.js?id=%255Bproject%255D%252Fsrc%252Fcomponents%252FSiteHeader.tsx+%255Bapp-client%255D+%2528ecmascript%2529:945:51)
    at Object.react_stack_bottom_frame (http://localhost:3000/_next/static/chunks/node_modules_next_dist_compiled_react-dom_058-ah~._.js:15037:24)
    at renderWithHooks (http://localhost:3000/_next/static/chunks/node_modules_next_dist_compiled_react-dom_058-ah~._.js:4620:24)
    at updateFunctionComponent (http://localhost:3000/_next/static/chunks/node_modules_next_dist_compiled_react-dom_058-ah~._.js:6081:21)
    at beginWork (http://localhost:3000/_next/static/chunks/node_modules_next_dist_compiled_react-dom_058-ah~._.js:6691:24)
    at runWithFiberInDEV (http://localhost:3000/_next/static/chunks/node_modules_next_dist_compiled_react-dom_058-ah~._.js:965:74)
    at performUnitOfWork (http://localhost:3000/_next/static/chunks/node_modules_next_dist_compiled_react-dom_058-ah~._.js:9555:97)
    at workLoopSync (http://localhost:3000/_next/static/chunks/node_modules_next_dist_compiled_react-dom_058-ah~._.js:9449:40)
    at renderRootSync (http://localhost:3000/_next/static/chunks/node_modules_next_dist_compiled_react-dom_058-ah~._.js:9433:13)
    at performWorkOnRoot (http://localhost:3000/_next/static/chunks/node_modules_next_dist_compiled_react-dom_058-ah~._.js:9098:47)
    at performSyncWorkOnRoot (http://localhost:3000/_next/static/chunks/node_modules_next_dist_compiled_react-dom_058-ah~._.js:10263:9)
    at flushSyncWorkAcrossRoots_impl (http://localhost:3000/_next/static/chunks/node_modules_next_dist_compiled_react-dom_058-ah~._.js:10179:316)
    at flushSyncWork$1 (http://localhost:3000/_next/static/chunks/node_modules_next_dist_compiled_react-dom_058-ah~._.js:9230:86)
    at Object.scheduleRefresh (http://localhost:3000/_next/static/chunks/node_modules_next_dist_compiled_react-dom_058-ah~._.js:299:13)
    at http://localhost:3000/_next/static/chunks/node_modules_next_dist_compiled_0rpq4pf._.js:391:33
    at Set.forEach (<anonymous>)
    at Object.performReactRefresh (http://localhost:3000/_next/static/chunks/node_modules_next_dist_compiled_0rpq4pf._.js:384:38)
    at applyUpdate (http://localhost:3000/_next/static/chunks/node_modules_next_dist_compiled_0rpq4pf._.js:878:31)
    at http://localhost:3000/_next/static/chunks/node_modules_next_dist_compiled_0rpq4pf._.js:886:13
[ 1379492ms] [WARNING] [Fast Refresh] performing full reload because your application had an unrecoverable error @ http://localhost:3000/_next/static/chunks/node_modules_next_dist_115brz8._.js:2431
[ 1512689ms] Error: Objects are not valid as a React child (found: object with keys {label, href}). If you meant to render a collection of children, use an array instead.
    at throwOnInvalidObjectTypeImpl (http://localhost:3000/_next/static/chunks/node_modules_next_dist_compiled_react-dom_058-ah~._.js:3922:15)
    at throwOnInvalidObjectType (http://localhost:3000/_next/static/chunks/node_modules_next_dist_compiled_react-dom_058-ah~._.js:3926:110)
    at reconcileChildFibersImpl (http://localhost:3000/_next/static/chunks/node_modules_next_dist_compiled_react-dom_058-ah~._.js:4249:17)
    at http://localhost:3000/_next/static/chunks/node_modules_next_dist_compiled_react-dom_058-ah~._.js:4261:39
    at reconcileChildren (http://localhost:3000/_next/static/chunks/node_modules_next_dist_compiled_react-dom_058-ah~._.js:5898:51)
    at beginWork (http://localhost:3000/_next/static/chunks/node_modules_next_dist_compiled_react-dom_058-ah~._.js:6758:1573)
    at runWithFiberInDEV (http://localhost:3000/_next/static/chunks/node_modules_next_dist_compiled_react-dom_058-ah~._.js:965:74)
    at performUnitOfWork (http://localhost:3000/_next/static/chunks/node_modules_next_dist_compiled_react-dom_058-ah~._.js:9555:97)
    at workLoopSync (http://localhost:3000/_next/static/chunks/node_modules_next_dist_compiled_react-dom_058-ah~._.js:9449:40)
    at renderRootSync (http://localhost:3000/_next/static/chunks/node_modules_next_dist_compiled_react-dom_058-ah~._.js:9433:13)
    at performWorkOnRoot (http://localhost:3000/_next/static/chunks/node_modules_next_dist_compiled_react-dom_058-ah~._.js:9098:47)
    at performWorkOnRootViaSchedulerTask (http://localhost:3000/_next/static/chunks/node_modules_next_dist_compiled_react-dom_058-ah~._.js:10255:9)
    at MessagePort.performWorkUntilDeadline (http://localhost:3000/_next/static/chunks/node_modules_next_dist_compiled_0rpq4pf._.js:2647:64)
[ 2015278ms] [ERROR] ./src/components/SiteHeader.tsx:142:7
the name `SOCIAL_LINKS` is defined multiple times
  140 | }
  141 |
> 142 | const SOCIAL_LINKS = [
      |       ^^^^^^^^^^^^
  143 |   { icon: WhatsAppIcon, href: SOCIAL_URLS.whatsapp, label: "WhatsApp" },
  144 |   { icon: InstagramIcon, href: SOCIAL_URLS.instagram, label: "Instagram" },
  145 |   { icon: TelegramIcon, href: SOCIAL_URLS.telegram, label: "Telegram" },

Ecmascript file had an error

Import trace:
  Server Component:
    ./src/components/SiteHeader.tsx
    ./src/app/[locale]/page.tsx @ http://localhost:3000/_next/static/chunks/node_modules_next_dist_115brz8._.js:3272
[ 2015352ms] [ERROR] ./src/components/SiteHeader.tsx:142:7
the name `SOCIAL_LINKS` is defined multiple times
  140 | }
  141 |
> 142 | const SOCIAL_LINKS = [
      |       ^^^^^^^^^^^^
  143 |   { icon: WhatsAppIcon, href: SOCIAL_URLS.whatsapp, label: "WhatsApp" },
  144 |   { icon: InstagramIcon, href: SOCIAL_URLS.instagram, label: "Instagram" },
  145 |   { icon: TelegramIcon, href: SOCIAL_URLS.telegram, label: "Telegram" },

Ecmascript file had an error

Import trace:
  Server Component:
    ./src/components/SiteHeader.tsx
    ./src/app/[locale]/page.tsx @ http://localhost:3000/_next/static/chunks/node_modules_next_dist_115brz8._.js:3272
[ 2015413ms] [ERROR] ./src/components/SiteHeader.tsx:142:7
the name `SOCIAL_LINKS` is defined multiple times
  140 | }
  141 |
> 142 | const SOCIAL_LINKS = [
      |       ^^^^^^^^^^^^
  143 |   { icon: WhatsAppIcon, href: SOCIAL_URLS.whatsapp, label: "WhatsApp" },
  144 |   { icon: InstagramIcon, href: SOCIAL_URLS.instagram, label: "Instagram" },
  145 |   { icon: TelegramIcon, href: SOCIAL_URLS.telegram, label: "Telegram" },

Ecmascript file had an error

Import trace:
  Server Component:
    ./src/components/SiteHeader.tsx
    ./src/app/[locale]/page.tsx @ http://localhost:3000/_next/static/chunks/node_modules_next_dist_115brz8._.js:3272
[ 2015474ms] [ERROR] ./src/components/SiteHeader.tsx:142:7
the name `SOCIAL_LINKS` is defined multiple times
  140 | }
  141 |
> 142 | const SOCIAL_LINKS = [
      |       ^^^^^^^^^^^^
  143 |   { icon: WhatsAppIcon, href: SOCIAL_URLS.whatsapp, label: "WhatsApp" },
  144 |   { icon: InstagramIcon, href: SOCIAL_URLS.instagram, label: "Instagram" },
  145 |   { icon: TelegramIcon, href: SOCIAL_URLS.telegram, label: "Telegram" },

Ecmascript file had an error

Import trace:
  Server Component:
    ./src/components/SiteHeader.tsx
    ./src/app/[locale]/page.tsx @ http://localhost:3000/_next/static/chunks/node_modules_next_dist_115brz8._.js:3272
[ 2015535ms] [ERROR] ./src/components/SiteHeader.tsx:142:7
the name `SOCIAL_LINKS` is defined multiple times
  140 | }
  141 |
> 142 | const SOCIAL_LINKS = [
      |       ^^^^^^^^^^^^
  143 |   { icon: WhatsAppIcon, href: SOCIAL_URLS.whatsapp, label: "WhatsApp" },
  144 |   { icon: InstagramIcon, href: SOCIAL_URLS.instagram, label: "Instagram" },
  145 |   { icon: TelegramIcon, href: SOCIAL_URLS.telegram, label: "Telegram" },

Ecmascript file had an error

Import trace:
  Server Component:
    ./src/components/SiteHeader.tsx
    ./src/app/[locale]/page.tsx @ http://localhost:3000/_next/static/chunks/node_modules_next_dist_115brz8._.js:3272
[ 2015596ms] [ERROR] ./src/components/SiteHeader.tsx:142:7
the name `SOCIAL_LINKS` is defined multiple times
  140 | }
  141 |
> 142 | const SOCIAL_LINKS = [
      |       ^^^^^^^^^^^^
  143 |   { icon: WhatsAppIcon, href: SOCIAL_URLS.whatsapp, label: "WhatsApp" },
  144 |   { icon: InstagramIcon, href: SOCIAL_URLS.instagram, label: "Instagram" },
  145 |   { icon: TelegramIcon, href: SOCIAL_URLS.telegram, label: "Telegram" },

Ecmascript file had an error

Import trace:
  Server Component:
    ./src/components/SiteHeader.tsx
    ./src/app/[locale]/page.tsx @ http://localhost:3000/_next/static/chunks/node_modules_next_dist_115brz8._.js:3272
[ 2015657ms] [ERROR] ./src/components/SiteHeader.tsx:142:7
the name `SOCIAL_LINKS` is defined multiple times
  140 | }
  141 |
> 142 | const SOCIAL_LINKS = [
      |       ^^^^^^^^^^^^
  143 |   { icon: WhatsAppIcon, href: SOCIAL_URLS.whatsapp, label: "WhatsApp" },
  144 |   { icon: InstagramIcon, href: SOCIAL_URLS.instagram, label: "Instagram" },
  145 |   { icon: TelegramIcon, href: SOCIAL_URLS.telegram, label: "Telegram" },

Ecmascript file had an error

Import trace:
  Server Component:
    ./src/components/SiteHeader.tsx
    ./src/app/[locale]/page.tsx @ http://localhost:3000/_next/static/chunks/node_modules_next_dist_115brz8._.js:3272
[ 2015717ms] [ERROR] ./src/components/SiteHeader.tsx:142:7
the name `SOCIAL_LINKS` is defined multiple times
  140 | }
  141 |
> 142 | const SOCIAL_LINKS = [
      |       ^^^^^^^^^^^^
  143 |   { icon: WhatsAppIcon, href: SOCIAL_URLS.whatsapp, label: "WhatsApp" },
  144 |   { icon: InstagramIcon, href: SOCIAL_URLS.instagram, label: "Instagram" },
  145 |   { icon: TelegramIcon, href: SOCIAL_URLS.telegram, label: "Telegram" },

Ecmascript file had an error

Import trace:
  Server Component:
    ./src/components/SiteHeader.tsx
    ./src/app/[locale]/page.tsx @ http://localhost:3000/_next/static/chunks/node_modules_next_dist_115brz8._.js:3272
[ 2015779ms] [ERROR] ./src/components/SiteHeader.tsx:142:7
the name `SOCIAL_LINKS` is defined multiple times
  140 | }
  141 |
> 142 | const SOCIAL_LINKS = [
      |       ^^^^^^^^^^^^
  143 |   { icon: WhatsAppIcon, href: SOCIAL_URLS.whatsapp, label: "WhatsApp" },
  144 |   { icon: InstagramIcon, href: SOCIAL_URLS.instagram, label: "Instagram" },
  145 |   { icon: TelegramIcon, href: SOCIAL_URLS.telegram, label: "Telegram" },

Ecmascript file had an error

Import trace:
  Server Component:
    ./src/components/SiteHeader.tsx
    ./src/app/[locale]/page.tsx @ http://localhost:3000/_next/static/chunks/node_modules_next_dist_115brz8._.js:3272
[ 2015839ms] [ERROR] ./src/components/SiteHeader.tsx:142:7
the name `SOCIAL_LINKS` is defined multiple times
  140 | }
  141 |
> 142 | const SOCIAL_LINKS = [
      |       ^^^^^^^^^^^^
  143 |   { icon: WhatsAppIcon, href: SOCIAL_URLS.whatsapp, label: "WhatsApp" },
  144 |   { icon: InstagramIcon, href: SOCIAL_URLS.instagram, label: "Instagram" },
  145 |   { icon: TelegramIcon, href: SOCIAL_URLS.telegram, label: "Telegram" },

Ecmascript file had an error

Import trace:
  Server Component:
    ./src/components/SiteHeader.tsx
    ./src/app/[locale]/page.tsx @ http://localhost:3000/_next/static/chunks/node_modules_next_dist_115brz8._.js:3272
[ 2015900ms] [ERROR] ./src/components/SiteHeader.tsx:142:7
the name `SOCIAL_LINKS` is defined multiple times
  140 | }
  141 |
> 142 | const SOCIAL_LINKS = [
      |       ^^^^^^^^^^^^
  143 |   { icon: WhatsAppIcon, href: SOCIAL_URLS.whatsapp, label: "WhatsApp" },
  144 |   { icon: InstagramIcon, href: SOCIAL_URLS.instagram, label: "Instagram" },
  145 |   { icon: TelegramIcon, href: SOCIAL_URLS.telegram, label: "Telegram" },

Ecmascript file had an error

Import trace:
  Server Component:
    ./src/components/SiteHeader.tsx
    ./src/app/[locale]/page.tsx @ http://localhost:3000/_next/static/chunks/node_modules_next_dist_115brz8._.js:3272
[ 2015962ms] [ERROR] ./src/components/SiteHeader.tsx:142:7
the name `SOCIAL_LINKS` is defined multiple times
  140 | }
  141 |
> 142 | const SOCIAL_LINKS = [
      |       ^^^^^^^^^^^^
  143 |   { icon: WhatsAppIcon, href: SOCIAL_URLS.whatsapp, label: "WhatsApp" },
  144 |   { icon: InstagramIcon, href: SOCIAL_URLS.instagram, label: "Instagram" },
  145 |   { icon: TelegramIcon, href: SOCIAL_URLS.telegram, label: "Telegram" },

Ecmascript file had an error

Import trace:
  Server Component:
    ./src/components/SiteHeader.tsx
    ./src/app/[locale]/page.tsx @ http://localhost:3000/_next/static/chunks/node_modules_next_dist_115brz8._.js:3272
[ 2016022ms] [ERROR] ./src/components/SiteHeader.tsx:142:7
the name `SOCIAL_LINKS` is defined multiple times
  140 | }
  141 |
> 142 | const SOCIAL_LINKS = [
      |       ^^^^^^^^^^^^
  143 |   { icon: WhatsAppIcon, href: SOCIAL_URLS.whatsapp, label: "WhatsApp" },
  144 |   { icon: InstagramIcon, href: SOCIAL_URLS.instagram, label: "Instagram" },
  145 |   { icon: TelegramIcon, href: SOCIAL_URLS.telegram, label: "Telegram" },

Ecmascript file had an error

Import trace:
  Server Component:
    ./src/components/SiteHeader.tsx
    ./src/app/[locale]/page.tsx @ http://localhost:3000/_next/static/chunks/node_modules_next_dist_115brz8._.js:3272
[ 2016083ms] [ERROR] ./src/components/SiteHeader.tsx:142:7
the name `SOCIAL_LINKS` is defined multiple times
  140 | }
  141 |
> 142 | const SOCIAL_LINKS = [
      |       ^^^^^^^^^^^^
  143 |   { icon: WhatsAppIcon, href: SOCIAL_URLS.whatsapp, label: "WhatsApp" },
  144 |   { icon: InstagramIcon, href: SOCIAL_URLS.instagram, label: "Instagram" },
  145 |   { icon: TelegramIcon, href: SOCIAL_URLS.telegram, label: "Telegram" },

Ecmascript file had an error

Import trace:
  Server Component:
    ./src/components/SiteHeader.tsx
    ./src/app/[locale]/page.tsx @ http://localhost:3000/_next/static/chunks/node_modules_next_dist_115brz8._.js:3272
[ 2016144ms] [ERROR] ./src/components/SiteHeader.tsx:142:7
the name `SOCIAL_LINKS` is defined multiple times
  140 | }
  141 |
> 142 | const SOCIAL_LINKS = [
      |       ^^^^^^^^^^^^
  143 |   { icon: WhatsAppIcon, href: SOCIAL_URLS.whatsapp, label: "WhatsApp" },
  144 |   { icon: InstagramIcon, href: SOCIAL_URLS.instagram, label: "Instagram" },
  145 |   { icon: TelegramIcon, href: SOCIAL_URLS.telegram, label: "Telegram" },

Ecmascript file had an error

Import trace:
  Server Component:
    ./src/components/SiteHeader.tsx
    ./src/app/[locale]/page.tsx @ http://localhost:3000/_next/static/chunks/node_modules_next_dist_115brz8._.js:3272
[ 2016204ms] [ERROR] ./src/components/SiteHeader.tsx:142:7
the name `SOCIAL_LINKS` is defined multiple times
  140 | }
  141 |
> 142 | const SOCIAL_LINKS = [
      |       ^^^^^^^^^^^^
  143 |   { icon: WhatsAppIcon, href: SOCIAL_URLS.whatsapp, label: "WhatsApp" },
  144 |   { icon: InstagramIcon, href: SOCIAL_URLS.instagram, label: "Instagram" },
  145 |   { icon: TelegramIcon, href: SOCIAL_URLS.telegram, label: "Telegram" },

Ecmascript file had an error

Import trace:
  Server Component:
    ./src/components/SiteHeader.tsx
    ./src/app/[locale]/page.tsx @ http://localhost:3000/_next/static/chunks/node_modules_next_dist_115brz8._.js:3272
[ 2016265ms] [ERROR] ./src/components/SiteHeader.tsx:142:7
the name `SOCIAL_LINKS` is defined multiple times
  140 | }
  141 |
> 142 | const SOCIAL_LINKS = [
      |       ^^^^^^^^^^^^
  143 |   { icon: WhatsAppIcon, href: SOCIAL_URLS.whatsapp, label: "WhatsApp" },
  144 |   { icon: InstagramIcon, href: SOCIAL_URLS.instagram, label: "Instagram" },
  145 |   { icon: TelegramIcon, href: SOCIAL_URLS.telegram, label: "Telegram" },

Ecmascript file had an error

Import trace:
  Server Component:
    ./src/components/SiteHeader.tsx
    ./src/app/[locale]/page.tsx @ http://localhost:3000/_next/static/chunks/node_modules_next_dist_115brz8._.js:3272
[ 2016326ms] [ERROR] ./src/components/SiteHeader.tsx:142:7
the name `SOCIAL_LINKS` is defined multiple times
  140 | }
  141 |
> 142 | const SOCIAL_LINKS = [
      |       ^^^^^^^^^^^^
  143 |   { icon: WhatsAppIcon, href: SOCIAL_URLS.whatsapp, label: "WhatsApp" },
  144 |   { icon: InstagramIcon, href: SOCIAL_URLS.instagram, label: "Instagram" },
  145 |   { icon: TelegramIcon, href: SOCIAL_URLS.telegram, label: "Telegram" },

Ecmascript file had an error

Import trace:
  Server Component:
    ./src/components/SiteHeader.tsx
    ./src/app/[locale]/page.tsx @ http://localhost:3000/_next/static/chunks/node_modules_next_dist_115brz8._.js:3272
[ 2016387ms] [ERROR] ./src/components/SiteHeader.tsx:142:7
the name `SOCIAL_LINKS` is defined multiple times
  140 | }
  141 |
> 142 | const SOCIAL_LINKS = [
      |       ^^^^^^^^^^^^
  143 |   { icon: WhatsAppIcon, href: SOCIAL_URLS.whatsapp, label: "WhatsApp" },
  144 |   { icon: InstagramIcon, href: SOCIAL_URLS.instagram, label: "Instagram" },
  145 |   { icon: TelegramIcon, href: SOCIAL_URLS.telegram, label: "Telegram" },

Ecmascript file had an error

Import trace:
  Server Component:
    ./src/components/SiteHeader.tsx
    ./src/app/[locale]/page.tsx @ http://localhost:3000/_next/static/chunks/node_modules_next_dist_115brz8._.js:3272
[ 2016448ms] [ERROR] ./src/components/SiteHeader.tsx:142:7
the name `SOCIAL_LINKS` is defined multiple times
  140 | }
  141 |
> 142 | const SOCIAL_LINKS = [
      |       ^^^^^^^^^^^^
  143 |   { icon: WhatsAppIcon, href: SOCIAL_URLS.whatsapp, label: "WhatsApp" },
  144 |   { icon: InstagramIcon, href: SOCIAL_URLS.instagram, label: "Instagram" },
  145 |   { icon: TelegramIcon, href: SOCIAL_URLS.telegram, label: "Telegram" },

Ecmascript file had an error

Import trace:
  Server Component:
    ./src/components/SiteHeader.tsx
    ./src/app/[locale]/page.tsx @ http://localhost:3000/_next/static/chunks/node_modules_next_dist_115brz8._.js:3272
[ 2016509ms] [ERROR] ./src/components/SiteHeader.tsx:142:7
the name `SOCIAL_LINKS` is defined multiple times
  140 | }
  141 |
> 142 | const SOCIAL_LINKS = [
      |       ^^^^^^^^^^^^
  143 |   { icon: WhatsAppIcon, href: SOCIAL_URLS.whatsapp, label: "WhatsApp" },
  144 |   { icon: InstagramIcon, href: SOCIAL_URLS.instagram, label: "Instagram" },
  145 |   { icon: TelegramIcon, href: SOCIAL_URLS.telegram, label: "Telegram" },

Ecmascript file had an error

Import trace:
  Server Component:
    ./src/components/SiteHeader.tsx
    ./src/app/[locale]/page.tsx @ http://localhost:3000/_next/static/chunks/node_modules_next_dist_115brz8._.js:3272
[ 2016570ms] [ERROR] ./src/components/SiteHeader.tsx:142:7
the name `SOCIAL_LINKS` is defined multiple times
  140 | }
  141 |
> 142 | const SOCIAL_LINKS = [
      |       ^^^^^^^^^^^^
  143 |   { icon: WhatsAppIcon, href: SOCIAL_URLS.whatsapp, label: "WhatsApp" },
  144 |   { icon: InstagramIcon, href: SOCIAL_URLS.instagram, label: "Instagram" },
  145 |   { icon: TelegramIcon, href: SOCIAL_URLS.telegram, label: "Telegram" },

Ecmascript file had an error

Import trace:
  Server Component:
    ./src/components/SiteHeader.tsx
    ./src/app/[locale]/page.tsx @ http://localhost:3000/_next/static/chunks/node_modules_next_dist_115brz8._.js:3272
[ 2016631ms] [ERROR] ./src/components/SiteHeader.tsx:142:7
the name `SOCIAL_LINKS` is defined multiple times
  140 | }
  141 |
> 142 | const SOCIAL_LINKS = [
      |       ^^^^^^^^^^^^
  143 |   { icon: WhatsAppIcon, href: SOCIAL_URLS.whatsapp, label: "WhatsApp" },
  144 |   { icon: InstagramIcon, href: SOCIAL_URLS.instagram, label: "Instagram" },
  145 |   { icon: TelegramIcon, href: SOCIAL_URLS.telegram, label: "Telegram" },

Ecmascript file had an error

Import trace:
  Server Component:
    ./src/components/SiteHeader.tsx
    ./src/app/[locale]/page.tsx @ http://localhost:3000/_next/static/chunks/node_modules_next_dist_115brz8._.js:3272
[ 2016693ms] [ERROR] ./src/components/SiteHeader.tsx:142:7
the name `SOCIAL_LINKS` is defined multiple times
  140 | }
  141 |
> 142 | const SOCIAL_LINKS = [
      |       ^^^^^^^^^^^^
  143 |   { icon: WhatsAppIcon, href: SOCIAL_URLS.whatsapp, label: "WhatsApp" },
  144 |   { icon: InstagramIcon, href: SOCIAL_URLS.instagram, label: "Instagram" },
  145 |   { icon: TelegramIcon, href: SOCIAL_URLS.telegram, label: "Telegram" },

Ecmascript file had an error

Import trace:
  Server Component:
    ./src/components/SiteHeader.tsx
    ./src/app/[locale]/page.tsx @ http://localhost:3000/_next/static/chunks/node_modules_next_dist_115brz8._.js:3272
[ 2016754ms] [ERROR] ./src/components/SiteHeader.tsx:142:7
the name `SOCIAL_LINKS` is defined multiple times
  140 | }
  141 |
> 142 | const SOCIAL_LINKS = [
      |       ^^^^^^^^^^^^
  143 |   { icon: WhatsAppIcon, href: SOCIAL_URLS.whatsapp, label: "WhatsApp" },
  144 |   { icon: InstagramIcon, href: SOCIAL_URLS.instagram, label: "Instagram" },
  145 |   { icon: TelegramIcon, href: SOCIAL_URLS.telegram, label: "Telegram" },

Ecmascript file had an error

Import trace:
  Server Component:
    ./src/components/SiteHeader.tsx
    ./src/app/[locale]/page.tsx @ http://localhost:3000/_next/static/chunks/node_modules_next_dist_115brz8._.js:3272
[ 2016815ms] [ERROR] ./src/components/SiteHeader.tsx:142:7
the name `SOCIAL_LINKS` is defined multiple times
  140 | }
  141 |
> 142 | const SOCIAL_LINKS = [
      |       ^^^^^^^^^^^^
  143 |   { icon: WhatsAppIcon, href: SOCIAL_URLS.whatsapp, label: "WhatsApp" },
  144 |   { icon: InstagramIcon, href: SOCIAL_URLS.instagram, label: "Instagram" },
  145 |   { icon: TelegramIcon, href: SOCIAL_URLS.telegram, label: "Telegram" },

Ecmascript file had an error

Import trace:
  Server Component:
    ./src/components/SiteHeader.tsx
    ./src/app/[locale]/page.tsx @ http://localhost:3000/_next/static/chunks/node_modules_next_dist_115brz8._.js:3272
[ 2016875ms] [ERROR] ./src/components/SiteHeader.tsx:142:7
the name `SOCIAL_LINKS` is defined multiple times
  140 | }
  141 |
> 142 | const SOCIAL_LINKS = [
      |       ^^^^^^^^^^^^
  143 |   { icon: WhatsAppIcon, href: SOCIAL_URLS.whatsapp, label: "WhatsApp" },
  144 |   { icon: InstagramIcon, href: SOCIAL_URLS.instagram, label: "Instagram" },
  145 |   { icon: TelegramIcon, href: SOCIAL_URLS.telegram, label: "Telegram" },

Ecmascript file had an error

Import trace:
  Server Component:
    ./src/components/SiteHeader.tsx
    ./src/app/[locale]/page.tsx @ http://localhost:3000/_next/static/chunks/node_modules_next_dist_115brz8._.js:3272
[ 2016936ms] [ERROR] ./src/components/SiteHeader.tsx:142:7
the name `SOCIAL_LINKS` is defined multiple times
  140 | }
  141 |
> 142 | const SOCIAL_LINKS = [
      |       ^^^^^^^^^^^^
  143 |   { icon: WhatsAppIcon, href: SOCIAL_URLS.whatsapp, label: "WhatsApp" },
  144 |   { icon: InstagramIcon, href: SOCIAL_URLS.instagram, label: "Instagram" },
  145 |   { icon: TelegramIcon, href: SOCIAL_URLS.telegram, label: "Telegram" },

Ecmascript file had an error

Import trace:
  Server Component:
    ./src/components/SiteHeader.tsx
    ./src/app/[locale]/page.tsx @ http://localhost:3000/_next/static/chunks/node_modules_next_dist_115brz8._.js:3272
[ 2016996ms] [ERROR] ./src/components/SiteHeader.tsx:142:7
the name `SOCIAL_LINKS` is defined multiple times
  140 | }
  141 |
> 142 | const SOCIAL_LINKS = [
      |       ^^^^^^^^^^^^
  143 |   { icon: WhatsAppIcon, href: SOCIAL_URLS.whatsapp, label: "WhatsApp" },
  144 |   { icon: InstagramIcon, href: SOCIAL_URLS.instagram, label: "Instagram" },
  145 |   { icon: TelegramIcon, href: SOCIAL_URLS.telegram, label: "Telegram" },

Ecmascript file had an error

Import trace:
  Server Component:
    ./src/components/SiteHeader.tsx
    ./src/app/[locale]/page.tsx @ http://localhost:3000/_next/static/chunks/node_modules_next_dist_115brz8._.js:3272
[ 2017058ms] [ERROR] ./src/components/SiteHeader.tsx:142:7
the name `SOCIAL_LINKS` is defined multiple times
  140 | }
  141 |
> 142 | const SOCIAL_LINKS = [
      |       ^^^^^^^^^^^^
  143 |   { icon: WhatsAppIcon, href: SOCIAL_URLS.whatsapp, label: "WhatsApp" },
  144 |   { icon: InstagramIcon, href: SOCIAL_URLS.instagram, label: "Instagram" },
  145 |   { icon: TelegramIcon, href: SOCIAL_URLS.telegram, label: "Telegram" },

Ecmascript file had an error

Import trace:
  Server Component:
    ./src/components/SiteHeader.tsx
    ./src/app/[locale]/page.tsx @ http://localhost:3000/_next/static/chunks/node_modules_next_dist_115brz8._.js:3272
[ 2017120ms] [ERROR] ./src/components/SiteHeader.tsx:142:7
the name `SOCIAL_LINKS` is defined multiple times
  140 | }
  141 |
> 142 | const SOCIAL_LINKS = [
      |       ^^^^^^^^^^^^
  143 |   { icon: WhatsAppIcon, href: SOCIAL_URLS.whatsapp, label: "WhatsApp" },
  144 |   { icon: InstagramIcon, href: SOCIAL_URLS.instagram, label: "Instagram" },
  145 |   { icon: TelegramIcon, href: SOCIAL_URLS.telegram, label: "Telegram" },

Ecmascript file had an error

Import trace:
  Server Component:
    ./src/components/SiteHeader.tsx
    ./src/app/[locale]/page.tsx @ http://localhost:3000/_next/static/chunks/node_modules_next_dist_115brz8._.js:3272
[ 2017181ms] [ERROR] ./src/components/SiteHeader.tsx:142:7
the name `SOCIAL_LINKS` is defined multiple times
  140 | }
  141 |
> 142 | const SOCIAL_LINKS = [
      |       ^^^^^^^^^^^^
  143 |   { icon: WhatsAppIcon, href: SOCIAL_URLS.whatsapp, label: "WhatsApp" },
  144 |   { icon: InstagramIcon, href: SOCIAL_URLS.instagram, label: "Instagram" },
  145 |   { icon: TelegramIcon, href: SOCIAL_URLS.telegram, label: "Telegram" },

Ecmascript file had an error

Import trace:
  Server Component:
    ./src/components/SiteHeader.tsx
    ./src/app/[locale]/page.tsx @ http://localhost:3000/_next/static/chunks/node_modules_next_dist_115brz8._.js:3272
[ 2017242ms] [ERROR] ./src/components/SiteHeader.tsx:142:7
the name `SOCIAL_LINKS` is defined multiple times
  140 | }
  141 |
> 142 | const SOCIAL_LINKS = [
      |       ^^^^^^^^^^^^
  143 |   { icon: WhatsAppIcon, href: SOCIAL_URLS.whatsapp, label: "WhatsApp" },
  144 |   { icon: InstagramIcon, href: SOCIAL_URLS.instagram, label: "Instagram" },
  145 |   { icon: TelegramIcon, href: SOCIAL_URLS.telegram, label: "Telegram" },

Ecmascript file had an error

Import trace:
  Server Component:
    ./src/components/SiteHeader.tsx
    ./src/app/[locale]/page.tsx @ http://localhost:3000/_next/static/chunks/node_modules_next_dist_115brz8._.js:3272
[ 2017304ms] [ERROR] ./src/components/SiteHeader.tsx:142:7
the name `SOCIAL_LINKS` is defined multiple times
  140 | }
  141 |
> 142 | const SOCIAL_LINKS = [
      |       ^^^^^^^^^^^^
  143 |   { icon: WhatsAppIcon, href: SOCIAL_URLS.whatsapp, label: "WhatsApp" },
  144 |   { icon: InstagramIcon, href: SOCIAL_URLS.instagram, label: "Instagram" },
  145 |   { icon: TelegramIcon, href: SOCIAL_URLS.telegram, label: "Telegram" },

Ecmascript file had an error

Import trace:
  Server Component:
    ./src/components/SiteHeader.tsx
    ./src/app/[locale]/page.tsx @ http://localhost:3000/_next/static/chunks/node_modules_next_dist_115brz8._.js:3272
[ 2017366ms] [ERROR] ./src/components/SiteHeader.tsx:142:7
the name `SOCIAL_LINKS` is defined multiple times
  140 | }
  141 |
> 142 | const SOCIAL_LINKS = [
      |       ^^^^^^^^^^^^
  143 |   { icon: WhatsAppIcon, href: SOCIAL_URLS.whatsapp, label: "WhatsApp" },
  144 |   { icon: InstagramIcon, href: SOCIAL_URLS.instagram, label: "Instagram" },
  145 |   { icon: TelegramIcon, href: SOCIAL_URLS.telegram, label: "Telegram" },

Ecmascript file had an error

Import trace:
  Server Component:
    ./src/components/SiteHeader.tsx
    ./src/app/[locale]/page.tsx @ http://localhost:3000/_next/static/chunks/node_modules_next_dist_115brz8._.js:3272
[ 2017427ms] [ERROR] ./src/components/SiteHeader.tsx:142:7
the name `SOCIAL_LINKS` is defined multiple times
  140 | }
  141 |
> 142 | const SOCIAL_LINKS = [
      |       ^^^^^^^^^^^^
  143 |   { icon: WhatsAppIcon, href: SOCIAL_URLS.whatsapp, label: "WhatsApp" },
  144 |   { icon: InstagramIcon, href: SOCIAL_URLS.instagram, label: "Instagram" },
  145 |   { icon: TelegramIcon, href: SOCIAL_URLS.telegram, label: "Telegram" },

Ecmascript file had an error

Import trace:
  Server Component:
    ./src/components/SiteHeader.tsx
    ./src/app/[locale]/page.tsx @ http://localhost:3000/_next/static/chunks/node_modules_next_dist_115brz8._.js:3272
[ 2017488ms] [ERROR] ./src/components/SiteHeader.tsx:142:7
the name `SOCIAL_LINKS` is defined multiple times
  140 | }
  141 |
> 142 | const SOCIAL_LINKS = [
      |       ^^^^^^^^^^^^
  143 |   { icon: WhatsAppIcon, href: SOCIAL_URLS.whatsapp, label: "WhatsApp" },
  144 |   { icon: InstagramIcon, href: SOCIAL_URLS.instagram, label: "Instagram" },
  145 |   { icon: TelegramIcon, href: SOCIAL_URLS.telegram, label: "Telegram" },

Ecmascript file had an error

Import trace:
  Server Component:
    ./src/components/SiteHeader.tsx
    ./src/app/[locale]/page.tsx @ http://localhost:3000/_next/static/chunks/node_modules_next_dist_115brz8._.js:3272
[ 2017548ms] [ERROR] ./src/components/SiteHeader.tsx:142:7
the name `SOCIAL_LINKS` is defined multiple times
  140 | }
  141 |
> 142 | const SOCIAL_LINKS = [
      |       ^^^^^^^^^^^^
  143 |   { icon: WhatsAppIcon, href: SOCIAL_URLS.whatsapp, label: "WhatsApp" },
  144 |   { icon: InstagramIcon, href: SOCIAL_URLS.instagram, label: "Instagram" },
  145 |   { icon: TelegramIcon, href: SOCIAL_URLS.telegram, label: "Telegram" },

Ecmascript file had an error

Import trace:
  Server Component:
    ./src/components/SiteHeader.tsx
    ./src/app/[locale]/page.tsx @ http://localhost:3000/_next/static/chunks/node_modules_next_dist_115brz8._.js:3272
[ 2017609ms] [ERROR] ./src/components/SiteHeader.tsx:142:7
the name `SOCIAL_LINKS` is defined multiple times
  140 | }
  141 |
> 142 | const SOCIAL_LINKS = [
      |       ^^^^^^^^^^^^
  143 |   { icon: WhatsAppIcon, href: SOCIAL_URLS.whatsapp, label: "WhatsApp" },
  144 |   { icon: InstagramIcon, href: SOCIAL_URLS.instagram, label: "Instagram" },
  145 |   { icon: TelegramIcon, href: SOCIAL_URLS.telegram, label: "Telegram" },

Ecmascript file had an error

Import trace:
  Server Component:
    ./src/components/SiteHeader.tsx
    ./src/app/[locale]/page.tsx @ http://localhost:3000/_next/static/chunks/node_modules_next_dist_115brz8._.js:3272
[ 2017670ms] [ERROR] ./src/components/SiteHeader.tsx:142:7
the name `SOCIAL_LINKS` is defined multiple times
  140 | }
  141 |
> 142 | const SOCIAL_LINKS = [
      |       ^^^^^^^^^^^^
  143 |   { icon: WhatsAppIcon, href: SOCIAL_URLS.whatsapp, label: "WhatsApp" },
  144 |   { icon: InstagramIcon, href: SOCIAL_URLS.instagram, label: "Instagram" },
  145 |   { icon: TelegramIcon, href: SOCIAL_URLS.telegram, label: "Telegram" },

Ecmascript file had an error

Import trace:
  Server Component:
    ./src/components/SiteHeader.tsx
    ./src/app/[locale]/page.tsx @ http://localhost:3000/_next/static/chunks/node_modules_next_dist_115brz8._.js:3272
[ 2017730ms] [ERROR] ./src/components/SiteHeader.tsx:142:7
the name `SOCIAL_LINKS` is defined multiple times
  140 | }
  141 |
> 142 | const SOCIAL_LINKS = [
      |       ^^^^^^^^^^^^
  143 |   { icon: WhatsAppIcon, href: SOCIAL_URLS.whatsapp, label: "WhatsApp" },
  144 |   { icon: InstagramIcon, href: SOCIAL_URLS.instagram, label: "Instagram" },
  145 |   { icon: TelegramIcon, href: SOCIAL_URLS.telegram, label: "Telegram" },

Ecmascript file had an error

Import trace:
  Server Component:
    ./src/components/SiteHeader.tsx
    ./src/app/[locale]/page.tsx @ http://localhost:3000/_next/static/chunks/node_modules_next_dist_115brz8._.js:3272
[ 2017793ms] [ERROR] ./src/components/SiteHeader.tsx:142:7
the name `SOCIAL_LINKS` is defined multiple times
  140 | }
  141 |
> 142 | const SOCIAL_LINKS = [
      |       ^^^^^^^^^^^^
  143 |   { icon: WhatsAppIcon, href: SOCIAL_URLS.whatsapp, label: "WhatsApp" },
  144 |   { icon: InstagramIcon, href: SOCIAL_URLS.instagram, label: "Instagram" },
  145 |   { icon: TelegramIcon, href: SOCIAL_URLS.telegram, label: "Telegram" },

Ecmascript file had an error

Import trace:
  Server Component:
    ./src/components/SiteHeader.tsx
    ./src/app/[locale]/page.tsx @ http://localhost:3000/_next/static/chunks/node_modules_next_dist_115brz8._.js:3272
[ 2017854ms] [ERROR] ./src/components/SiteHeader.tsx:142:7
the name `SOCIAL_LINKS` is defined multiple times
  140 | }
  141 |
> 142 | const SOCIAL_LINKS = [
      |       ^^^^^^^^^^^^
  143 |   { icon: WhatsAppIcon, href: SOCIAL_URLS.whatsapp, label: "WhatsApp" },
  144 |   { icon: InstagramIcon, href: SOCIAL_URLS.instagram, label: "Instagram" },
  145 |   { icon: TelegramIcon, href: SOCIAL_URLS.telegram, label: "Telegram" },

Ecmascript file had an error

Import trace:
  Server Component:
    ./src/components/SiteHeader.tsx
    ./src/app/[locale]/page.tsx @ http://localhost:3000/_next/static/chunks/node_modules_next_dist_115brz8._.js:3272
[ 2017915ms] [ERROR] ./src/components/SiteHeader.tsx:142:7
the name `SOCIAL_LINKS` is defined multiple times
  140 | }
  141 |
> 142 | const SOCIAL_LINKS = [
      |       ^^^^^^^^^^^^
  143 |   { icon: WhatsAppIcon, href: SOCIAL_URLS.whatsapp, label: "WhatsApp" },
  144 |   { icon: InstagramIcon, href: SOCIAL_URLS.instagram, label: "Instagram" },
  145 |   { icon: TelegramIcon, href: SOCIAL_URLS.telegram, label: "Telegram" },

Ecmascript file had an error

Import trace:
  Server Component:
    ./src/components/SiteHeader.tsx
    ./src/app/[locale]/page.tsx @ http://localhost:3000/_next/static/chunks/node_modules_next_dist_115brz8._.js:3272
[ 2017976ms] [ERROR] ./src/components/SiteHeader.tsx:142:7
the name `SOCIAL_LINKS` is defined multiple times
  140 | }
  141 |
> 142 | const SOCIAL_LINKS = [
      |       ^^^^^^^^^^^^
  143 |   { icon: WhatsAppIcon, href: SOCIAL_URLS.whatsapp, label: "WhatsApp" },
  144 |   { icon: InstagramIcon, href: SOCIAL_URLS.instagram, label: "Instagram" },
  145 |   { icon: TelegramIcon, href: SOCIAL_URLS.telegram, label: "Telegram" },

Ecmascript file had an error

Import trace:
  Server Component:
    ./src/components/SiteHeader.tsx
    ./src/app/[locale]/page.tsx @ http://localhost:3000/_next/static/chunks/node_modules_next_dist_115brz8._.js:3272
[ 2018037ms] [ERROR] ./src/components/SiteHeader.tsx:142:7
the name `SOCIAL_LINKS` is defined multiple times
  140 | }
  141 |
> 142 | const SOCIAL_LINKS = [
      |       ^^^^^^^^^^^^
  143 |   { icon: WhatsAppIcon, href: SOCIAL_URLS.whatsapp, label: "WhatsApp" },
  144 |   { icon: InstagramIcon, href: SOCIAL_URLS.instagram, label: "Instagram" },
  145 |   { icon: TelegramIcon, href: SOCIAL_URLS.telegram, label: "Telegram" },

Ecmascript file had an error

Import trace:
  Server Component:
    ./src/components/SiteHeader.tsx
    ./src/app/[locale]/page.tsx @ http://localhost:3000/_next/static/chunks/node_modules_next_dist_115brz8._.js:3272
[ 2018098ms] [ERROR] ./src/components/SiteHeader.tsx:142:7
the name `SOCIAL_LINKS` is defined multiple times
  140 | }
  141 |
> 142 | const SOCIAL_LINKS = [
      |       ^^^^^^^^^^^^
  143 |   { icon: WhatsAppIcon, href: SOCIAL_URLS.whatsapp, label: "WhatsApp" },
  144 |   { icon: InstagramIcon, href: SOCIAL_URLS.instagram, label: "Instagram" },
  145 |   { icon: TelegramIcon, href: SOCIAL_URLS.telegram, label: "Telegram" },

Ecmascript file had an error

Import trace:
  Server Component:
    ./src/components/SiteHeader.tsx
    ./src/app/[locale]/page.tsx @ http://localhost:3000/_next/static/chunks/node_modules_next_dist_115brz8._.js:3272
[ 2018159ms] [ERROR] ./src/components/SiteHeader.tsx:142:7
the name `SOCIAL_LINKS` is defined multiple times
  140 | }
  141 |
> 142 | const SOCIAL_LINKS = [
      |       ^^^^^^^^^^^^
  143 |   { icon: WhatsAppIcon, href: SOCIAL_URLS.whatsapp, label: "WhatsApp" },
  144 |   { icon: InstagramIcon, href: SOCIAL_URLS.instagram, label: "Instagram" },
  145 |   { icon: TelegramIcon, href: SOCIAL_URLS.telegram, label: "Telegram" },

Ecmascript file had an error

Import trace:
  Server Component:
    ./src/components/SiteHeader.tsx
    ./src/app/[locale]/page.tsx @ http://localhost:3000/_next/static/chunks/node_modules_next_dist_115brz8._.js:3272
[ 2018220ms] [ERROR] ./src/components/SiteHeader.tsx:142:7
the name `SOCIAL_LINKS` is defined multiple times
  140 | }
  141 |
> 142 | const SOCIAL_LINKS = [
      |       ^^^^^^^^^^^^
  143 |   { icon: WhatsAppIcon, href: SOCIAL_URLS.whatsapp, label: "WhatsApp" },
  144 |   { icon: InstagramIcon, href: SOCIAL_URLS.instagram, label: "Instagram" },
  145 |   { icon: TelegramIcon, href: SOCIAL_URLS.telegram, label: "Telegram" },

Ecmascript file had an error

Import trace:
  Server Component:
    ./src/components/SiteHeader.tsx
    ./src/app/[locale]/page.tsx @ http://localhost:3000/_next/static/chunks/node_modules_next_dist_115brz8._.js:3272
[ 2018282ms] [ERROR] ./src/components/SiteHeader.tsx:142:7
the name `SOCIAL_LINKS` is defined multiple times
  140 | }
  141 |
> 142 | const SOCIAL_LINKS = [
      |       ^^^^^^^^^^^^
  143 |   { icon: WhatsAppIcon, href: SOCIAL_URLS.whatsapp, label: "WhatsApp" },
  144 |   { icon: InstagramIcon, href: SOCIAL_URLS.instagram, label: "Instagram" },
  145 |   { icon: TelegramIcon, href: SOCIAL_URLS.telegram, label: "Telegram" },

Ecmascript file had an error

Import trace:
  Server Component:
    ./src/components/SiteHeader.tsx
    ./src/app/[locale]/page.tsx @ http://localhost:3000/_next/static/chunks/node_modules_next_dist_115brz8._.js:3272
[ 2018343ms] [ERROR] ./src/components/SiteHeader.tsx:142:7
the name `SOCIAL_LINKS` is defined multiple times
  140 | }
  141 |
> 142 | const SOCIAL_LINKS = [
      |       ^^^^^^^^^^^^
  143 |   { icon: WhatsAppIcon, href: SOCIAL_URLS.whatsapp, label: "WhatsApp" },
  144 |   { icon: InstagramIcon, href: SOCIAL_URLS.instagram, label: "Instagram" },
  145 |   { icon: TelegramIcon, href: SOCIAL_URLS.telegram, label: "Telegram" },

Ecmascript file had an error

Import trace:
  Server Component:
    ./src/components/SiteHeader.tsx
    ./src/app/[locale]/page.tsx @ http://localhost:3000/_next/static/chunks/node_modules_next_dist_115brz8._.js:3272
[ 2018404ms] [ERROR] ./src/components/SiteHeader.tsx:142:7
the name `SOCIAL_LINKS` is defined multiple times
  140 | }
  141 |
> 142 | const SOCIAL_LINKS = [
      |       ^^^^^^^^^^^^
  143 |   { icon: WhatsAppIcon, href: SOCIAL_URLS.whatsapp, label: "WhatsApp" },
  144 |   { icon: InstagramIcon, href: SOCIAL_URLS.instagram, label: "Instagram" },
  145 |   { icon: TelegramIcon, href: SOCIAL_URLS.telegram, label: "Telegram" },

Ecmascript file had an error

Import trace:
  Server Component:
    ./src/components/SiteHeader.tsx
    ./src/app/[locale]/page.tsx @ http://localhost:3000/_next/static/chunks/node_modules_next_dist_115brz8._.js:3272
[ 2018465ms] [ERROR] ./src/components/SiteHeader.tsx:142:7
the name `SOCIAL_LINKS` is defined multiple times
  140 | }
  141 |
> 142 | const SOCIAL_LINKS = [
      |       ^^^^^^^^^^^^
  143 |   { icon: WhatsAppIcon, href: SOCIAL_URLS.whatsapp, label: "WhatsApp" },
  144 |   { icon: InstagramIcon, href: SOCIAL_URLS.instagram, label: "Instagram" },
  145 |   { icon: TelegramIcon, href: SOCIAL_URLS.telegram, label: "Telegram" },

Ecmascript file had an error

Import trace:
  Server Component:
    ./src/components/SiteHeader.tsx
    ./src/app/[locale]/page.tsx @ http://localhost:3000/_next/static/chunks/node_modules_next_dist_115brz8._.js:3272
[ 2018527ms] [ERROR] ./src/components/SiteHeader.tsx:142:7
the name `SOCIAL_LINKS` is defined multiple times
  140 | }
  141 |
> 142 | const SOCIAL_LINKS = [
      |       ^^^^^^^^^^^^
  143 |   { icon: WhatsAppIcon, href: SOCIAL_URLS.whatsapp, label: "WhatsApp" },
  144 |   { icon: InstagramIcon, href: SOCIAL_URLS.instagram, label: "Instagram" },
  145 |   { icon: TelegramIcon, href: SOCIAL_URLS.telegram, label: "Telegram" },

Ecmascript file had an error

Import trace:
  Server Component:
    ./src/components/SiteHeader.tsx
    ./src/app/[locale]/page.tsx @ http://localhost:3000/_next/static/chunks/node_modules_next_dist_115brz8._.js:3272
[ 2018587ms] [ERROR] ./src/components/SiteHeader.tsx:142:7
the name `SOCIAL_LINKS` is defined multiple times
  140 | }
  141 |
> 142 | const SOCIAL_LINKS = [
      |       ^^^^^^^^^^^^
  143 |   { icon: WhatsAppIcon, href: SOCIAL_URLS.whatsapp, label: "WhatsApp" },
  144 |   { icon: InstagramIcon, href: SOCIAL_URLS.instagram, label: "Instagram" },
  145 |   { icon: TelegramIcon, href: SOCIAL_URLS.telegram, label: "Telegram" },

Ecmascript file had an error

Import trace:
  Server Component:
    ./src/components/SiteHeader.tsx
    ./src/app/[locale]/page.tsx @ http://localhost:3000/_next/static/chunks/node_modules_next_dist_115brz8._.js:3272
[ 2018648ms] [ERROR] ./src/components/SiteHeader.tsx:142:7
the name `SOCIAL_LINKS` is defined multiple times
  140 | }
  141 |
> 142 | const SOCIAL_LINKS = [
      |       ^^^^^^^^^^^^
  143 |   { icon: WhatsAppIcon, href: SOCIAL_URLS.whatsapp, label: "WhatsApp" },
  144 |   { icon: InstagramIcon, href: SOCIAL_URLS.instagram, label: "Instagram" },
  145 |   { icon: TelegramIcon, href: SOCIAL_URLS.telegram, label: "Telegram" },

Ecmascript file had an error

Import trace:
  Server Component:
    ./src/components/SiteHeader.tsx
    ./src/app/[locale]/page.tsx @ http://localhost:3000/_next/static/chunks/node_modules_next_dist_115brz8._.js:3272
[ 2018709ms] [ERROR] ./src/components/SiteHeader.tsx:142:7
the name `SOCIAL_LINKS` is defined multiple times
  140 | }
  141 |
> 142 | const SOCIAL_LINKS = [
      |       ^^^^^^^^^^^^
  143 |   { icon: WhatsAppIcon, href: SOCIAL_URLS.whatsapp, label: "WhatsApp" },
  144 |   { icon: InstagramIcon, href: SOCIAL_URLS.instagram, label: "Instagram" },
  145 |   { icon: TelegramIcon, href: SOCIAL_URLS.telegram, label: "Telegram" },

Ecmascript file had an error

Import trace:
  Server Component:
    ./src/components/SiteHeader.tsx
    ./src/app/[locale]/page.tsx @ http://localhost:3000/_next/static/chunks/node_modules_next_dist_115brz8._.js:3272
[ 2018771ms] [ERROR] ./src/components/SiteHeader.tsx:142:7
the name `SOCIAL_LINKS` is defined multiple times
  140 | }
  141 |
> 142 | const SOCIAL_LINKS = [
      |       ^^^^^^^^^^^^
  143 |   { icon: WhatsAppIcon, href: SOCIAL_URLS.whatsapp, label: "WhatsApp" },
  144 |   { icon: InstagramIcon, href: SOCIAL_URLS.instagram, label: "Instagram" },
  145 |   { icon: TelegramIcon, href: SOCIAL_URLS.telegram, label: "Telegram" },

Ecmascript file had an error

Import trace:
  Server Component:
    ./src/components/SiteHeader.tsx
    ./src/app/[locale]/page.tsx @ http://localhost:3000/_next/static/chunks/node_modules_next_dist_115brz8._.js:3272
[ 2018832ms] [ERROR] ./src/components/SiteHeader.tsx:142:7
the name `SOCIAL_LINKS` is defined multiple times
  140 | }
  141 |
> 142 | const SOCIAL_LINKS = [
      |       ^^^^^^^^^^^^
  143 |   { icon: WhatsAppIcon, href: SOCIAL_URLS.whatsapp, label: "WhatsApp" },
  144 |   { icon: InstagramIcon, href: SOCIAL_URLS.instagram, label: "Instagram" },
  145 |   { icon: TelegramIcon, href: SOCIAL_URLS.telegram, label: "Telegram" },

Ecmascript file had an error

Import trace:
  Server Component:
    ./src/components/SiteHeader.tsx
    ./src/app/[locale]/page.tsx @ http://localhost:3000/_next/static/chunks/node_modules_next_dist_115brz8._.js:3272
[ 2018892ms] [ERROR] ./src/components/SiteHeader.tsx:142:7
the name `SOCIAL_LINKS` is defined multiple times
  140 | }
  141 |
> 142 | const SOCIAL_LINKS = [
      |       ^^^^^^^^^^^^
  143 |   { icon: WhatsAppIcon, href: SOCIAL_URLS.whatsapp, label: "WhatsApp" },
  144 |   { icon: InstagramIcon, href: SOCIAL_URLS.instagram, label: "Instagram" },
  145 |   { icon: TelegramIcon, href: SOCIAL_URLS.telegram, label: "Telegram" },

Ecmascript file had an error

Import trace:
  Server Component:
    ./src/components/SiteHeader.tsx
    ./src/app/[locale]/page.tsx @ http://localhost:3000/_next/static/chunks/node_modules_next_dist_115brz8._.js:3272
[ 2018953ms] [ERROR] ./src/components/SiteHeader.tsx:142:7
the name `SOCIAL_LINKS` is defined multiple times
  140 | }
  141 |
> 142 | const SOCIAL_LINKS = [
      |       ^^^^^^^^^^^^
  143 |   { icon: WhatsAppIcon, href: SOCIAL_URLS.whatsapp, label: "WhatsApp" },
  144 |   { icon: InstagramIcon, href: SOCIAL_URLS.instagram, label: "Instagram" },
  145 |   { icon: TelegramIcon, href: SOCIAL_URLS.telegram, label: "Telegram" },

Ecmascript file had an error

Import trace:
  Server Component:
    ./src/components/SiteHeader.tsx
    ./src/app/[locale]/page.tsx @ http://localhost:3000/_next/static/chunks/node_modules_next_dist_115brz8._.js:3272
[ 2019015ms] [ERROR] ./src/components/SiteHeader.tsx:142:7
the name `SOCIAL_LINKS` is defined multiple times
  140 | }
  141 |
> 142 | const SOCIAL_LINKS = [
      |       ^^^^^^^^^^^^
  143 |   { icon: WhatsAppIcon, href: SOCIAL_URLS.whatsapp, label: "WhatsApp" },
  144 |   { icon: InstagramIcon, href: SOCIAL_URLS.instagram, label: "Instagram" },
  145 |   { icon: TelegramIcon, href: SOCIAL_URLS.telegram, label: "Telegram" },

Ecmascript file had an error

Import trace:
  Server Component:
    ./src/components/SiteHeader.tsx
    ./src/app/[locale]/page.tsx @ http://localhost:3000/_next/static/chunks/node_modules_next_dist_115brz8._.js:3272
[ 2019076ms] [ERROR] ./src/components/SiteHeader.tsx:142:7
the name `SOCIAL_LINKS` is defined multiple times
  140 | }
  141 |
> 142 | const SOCIAL_LINKS = [
      |       ^^^^^^^^^^^^
  143 |   { icon: WhatsAppIcon, href: SOCIAL_URLS.whatsapp, label: "WhatsApp" },
  144 |   { icon: InstagramIcon, href: SOCIAL_URLS.instagram, label: "Instagram" },
  145 |   { icon: TelegramIcon, href: SOCIAL_URLS.telegram, label: "Telegram" },

Ecmascript file had an error

Import trace:
  Server Component:
    ./src/components/SiteHeader.tsx
    ./src/app/[locale]/page.tsx @ http://localhost:3000/_next/static/chunks/node_modules_next_dist_115brz8._.js:3272
[ 2019137ms] [ERROR] ./src/components/SiteHeader.tsx:142:7
the name `SOCIAL_LINKS` is defined multiple times
  140 | }
  141 |
> 142 | const SOCIAL_LINKS = [
      |       ^^^^^^^^^^^^
  143 |   { icon: WhatsAppIcon, href: SOCIAL_URLS.whatsapp, label: "WhatsApp" },
  144 |   { icon: InstagramIcon, href: SOCIAL_URLS.instagram, label: "Instagram" },
  145 |   { icon: TelegramIcon, href: SOCIAL_URLS.telegram, label: "Telegram" },

Ecmascript file had an error

Import trace:
  Server Component:
    ./src/components/SiteHeader.tsx
    ./src/app/[locale]/page.tsx @ http://localhost:3000/_next/static/chunks/node_modules_next_dist_115brz8._.js:3272
[ 2019197ms] [ERROR] ./src/components/SiteHeader.tsx:142:7
the name `SOCIAL_LINKS` is defined multiple times
  140 | }
  141 |
> 142 | const SOCIAL_LINKS = [
      |       ^^^^^^^^^^^^
  143 |   { icon: WhatsAppIcon, href: SOCIAL_URLS.whatsapp, label: "WhatsApp" },
  144 |   { icon: InstagramIcon, href: SOCIAL_URLS.instagram, label: "Instagram" },
  145 |   { icon: TelegramIcon, href: SOCIAL_URLS.telegram, label: "Telegram" },

Ecmascript file had an error

Import trace:
  Server Component:
    ./src/components/SiteHeader.tsx
    ./src/app/[locale]/page.tsx @ http://localhost:3000/_next/static/chunks/node_modules_next_dist_115brz8._.js:3272
[ 2019260ms] [ERROR] ./src/components/SiteHeader.tsx:142:7
the name `SOCIAL_LINKS` is defined multiple times
  140 | }
  141 |
> 142 | const SOCIAL_LINKS = [
      |       ^^^^^^^^^^^^
  143 |   { icon: WhatsAppIcon, href: SOCIAL_URLS.whatsapp, label: "WhatsApp" },
  144 |   { icon: InstagramIcon, href: SOCIAL_URLS.instagram, label: "Instagram" },
  145 |   { icon: TelegramIcon, href: SOCIAL_URLS.telegram, label: "Telegram" },

Ecmascript file had an error

Import trace:
  Server Component:
    ./src/components/SiteHeader.tsx
    ./src/app/[locale]/page.tsx @ http://localhost:3000/_next/static/chunks/node_modules_next_dist_115brz8._.js:3272
[ 2019321ms] [ERROR] ./src/components/SiteHeader.tsx:142:7
the name `SOCIAL_LINKS` is defined multiple times
  140 | }
  141 |
> 142 | const SOCIAL_LINKS = [
      |       ^^^^^^^^^^^^
  143 |   { icon: WhatsAppIcon, href: SOCIAL_URLS.whatsapp, label: "WhatsApp" },
  144 |   { icon: InstagramIcon, href: SOCIAL_URLS.instagram, label: "Instagram" },
  145 |   { icon: TelegramIcon, href: SOCIAL_URLS.telegram, label: "Telegram" },

Ecmascript file had an error

Import trace:
  Server Component:
    ./src/components/SiteHeader.tsx
    ./src/app/[locale]/page.tsx @ http://localhost:3000/_next/static/chunks/node_modules_next_dist_115brz8._.js:3272
[ 2019381ms] [ERROR] ./src/components/SiteHeader.tsx:142:7
the name `SOCIAL_LINKS` is defined multiple times
  140 | }
  141 |
> 142 | const SOCIAL_LINKS = [
      |       ^^^^^^^^^^^^
  143 |   { icon: WhatsAppIcon, href: SOCIAL_URLS.whatsapp, label: "WhatsApp" },
  144 |   { icon: InstagramIcon, href: SOCIAL_URLS.instagram, label: "Instagram" },
  145 |   { icon: TelegramIcon, href: SOCIAL_URLS.telegram, label: "Telegram" },

Ecmascript file had an error

Import trace:
  Server Component:
    ./src/components/SiteHeader.tsx
    ./src/app/[locale]/page.tsx @ http://localhost:3000/_next/static/chunks/node_modules_next_dist_115brz8._.js:3272
[ 2019441ms] [ERROR] ./src/components/SiteHeader.tsx:142:7
the name `SOCIAL_LINKS` is defined multiple times
  140 | }
  141 |
> 142 | const SOCIAL_LINKS = [
      |       ^^^^^^^^^^^^
  143 |   { icon: WhatsAppIcon, href: SOCIAL_URLS.whatsapp, label: "WhatsApp" },
  144 |   { icon: InstagramIcon, href: SOCIAL_URLS.instagram, label: "Instagram" },
  145 |   { icon: TelegramIcon, href: SOCIAL_URLS.telegram, label: "Telegram" },

Ecmascript file had an error

Import trace:
  Server Component:
    ./src/components/SiteHeader.tsx
    ./src/app/[locale]/page.tsx @ http://localhost:3000/_next/static/chunks/node_modules_next_dist_115brz8._.js:3272
[ 2019503ms] [ERROR] ./src/components/SiteHeader.tsx:142:7
the name `SOCIAL_LINKS` is defined multiple times
  140 | }
  141 |
> 142 | const SOCIAL_LINKS = [
      |       ^^^^^^^^^^^^
  143 |   { icon: WhatsAppIcon, href: SOCIAL_URLS.whatsapp, label: "WhatsApp" },
  144 |   { icon: InstagramIcon, href: SOCIAL_URLS.instagram, label: "Instagram" },
  145 |   { icon: TelegramIcon, href: SOCIAL_URLS.telegram, label: "Telegram" },

Ecmascript file had an error

Import trace:
  Server Component:
    ./src/components/SiteHeader.tsx
    ./src/app/[locale]/page.tsx @ http://localhost:3000/_next/static/chunks/node_modules_next_dist_115brz8._.js:3272
[ 2019564ms] [ERROR] ./src/components/SiteHeader.tsx:142:7
the name `SOCIAL_LINKS` is defined multiple times
  140 | }
  141 |
> 142 | const SOCIAL_LINKS = [
      |       ^^^^^^^^^^^^
  143 |   { icon: WhatsAppIcon, href: SOCIAL_URLS.whatsapp, label: "WhatsApp" },
  144 |   { icon: InstagramIcon, href: SOCIAL_URLS.instagram, label: "Instagram" },
  145 |   { icon: TelegramIcon, href: SOCIAL_URLS.telegram, label: "Telegram" },

Ecmascript file had an error

Import trace:
  Server Component:
    ./src/components/SiteHeader.tsx
    ./src/app/[locale]/page.tsx @ http://localhost:3000/_next/static/chunks/node_modules_next_dist_115brz8._.js:3272
[ 2019626ms] [ERROR] ./src/components/SiteHeader.tsx:142:7
the name `SOCIAL_LINKS` is defined multiple times
  140 | }
  141 |
> 142 | const SOCIAL_LINKS = [
      |       ^^^^^^^^^^^^
  143 |   { icon: WhatsAppIcon, href: SOCIAL_URLS.whatsapp, label: "WhatsApp" },
  144 |   { icon: InstagramIcon, href: SOCIAL_URLS.instagram, label: "Instagram" },
  145 |   { icon: TelegramIcon, href: SOCIAL_URLS.telegram, label: "Telegram" },

Ecmascript file had an error

Import trace:
  Server Component:
    ./src/components/SiteHeader.tsx
    ./src/app/[locale]/page.tsx @ http://localhost:3000/_next/static/chunks/node_modules_next_dist_115brz8._.js:3272
[ 2019687ms] [ERROR] ./src/components/SiteHeader.tsx:142:7
the name `SOCIAL_LINKS` is defined multiple times
  140 | }
  141 |
> 142 | const SOCIAL_LINKS = [
      |       ^^^^^^^^^^^^
  143 |   { icon: WhatsAppIcon, href: SOCIAL_URLS.whatsapp, label: "WhatsApp" },
  144 |   { icon: InstagramIcon, href: SOCIAL_URLS.instagram, label: "Instagram" },
  145 |   { icon: TelegramIcon, href: SOCIAL_URLS.telegram, label: "Telegram" },

Ecmascript file had an error

Import trace:
  Server Component:
    ./src/components/SiteHeader.tsx
    ./src/app/[locale]/page.tsx @ http://localhost:3000/_next/static/chunks/node_modules_next_dist_115brz8._.js:3272
[ 2019747ms] [ERROR] ./src/components/SiteHeader.tsx:142:7
the name `SOCIAL_LINKS` is defined multiple times
  140 | }
  141 |
> 142 | const SOCIAL_LINKS = [
      |       ^^^^^^^^^^^^
  143 |   { icon: WhatsAppIcon, href: SOCIAL_URLS.whatsapp, label: "WhatsApp" },
  144 |   { icon: InstagramIcon, href: SOCIAL_URLS.instagram, label: "Instagram" },
  145 |   { icon: TelegramIcon, href: SOCIAL_URLS.telegram, label: "Telegram" },

Ecmascript file had an error

Import trace:
  Server Component:
    ./src/components/SiteHeader.tsx
    ./src/app/[locale]/page.tsx @ http://localhost:3000/_next/static/chunks/node_modules_next_dist_115brz8._.js:3272
[ 2019808ms] [ERROR] ./src/components/SiteHeader.tsx:142:7
the name `SOCIAL_LINKS` is defined multiple times
  140 | }
  141 |
> 142 | const SOCIAL_LINKS = [
      |       ^^^^^^^^^^^^
  143 |   { icon: WhatsAppIcon, href: SOCIAL_URLS.whatsapp, label: "WhatsApp" },
  144 |   { icon: InstagramIcon, href: SOCIAL_URLS.instagram, label: "Instagram" },
  145 |   { icon: TelegramIcon, href: SOCIAL_URLS.telegram, label: "Telegram" },

Ecmascript file had an error

Import trace:
  Server Component:
    ./src/components/SiteHeader.tsx
    ./src/app/[locale]/page.tsx @ http://localhost:3000/_next/static/chunks/node_modules_next_dist_115brz8._.js:3272
[ 2019869ms] [ERROR] ./src/components/SiteHeader.tsx:142:7
the name `SOCIAL_LINKS` is defined multiple times
  140 | }
  141 |
> 142 | const SOCIAL_LINKS = [
      |       ^^^^^^^^^^^^
  143 |   { icon: WhatsAppIcon, href: SOCIAL_URLS.whatsapp, label: "WhatsApp" },
  144 |   { icon: InstagramIcon, href: SOCIAL_URLS.instagram, label: "Instagram" },
  145 |   { icon: TelegramIcon, href: SOCIAL_URLS.telegram, label: "Telegram" },

Ecmascript file had an error

Import trace:
  Server Component:
    ./src/components/SiteHeader.tsx
    ./src/app/[locale]/page.tsx @ http://localhost:3000/_next/static/chunks/node_modules_next_dist_115brz8._.js:3272
[ 2019929ms] [ERROR] ./src/components/SiteHeader.tsx:142:7
the name `SOCIAL_LINKS` is defined multiple times
  140 | }
  141 |
> 142 | const SOCIAL_LINKS = [
      |       ^^^^^^^^^^^^
  143 |   { icon: WhatsAppIcon, href: SOCIAL_URLS.whatsapp, label: "WhatsApp" },
  144 |   { icon: InstagramIcon, href: SOCIAL_URLS.instagram, label: "Instagram" },
  145 |   { icon: TelegramIcon, href: SOCIAL_URLS.telegram, label: "Telegram" },

Ecmascript file had an error

Import trace:
  Server Component:
    ./src/components/SiteHeader.tsx
    ./src/app/[locale]/page.tsx @ http://localhost:3000/_next/static/chunks/node_modules_next_dist_115brz8._.js:3272
[ 2019991ms] [ERROR] ./src/components/SiteHeader.tsx:142:7
the name `SOCIAL_LINKS` is defined multiple times
  140 | }
  141 |
> 142 | const SOCIAL_LINKS = [
      |       ^^^^^^^^^^^^
  143 |   { icon: WhatsAppIcon, href: SOCIAL_URLS.whatsapp, label: "WhatsApp" },
  144 |   { icon: InstagramIcon, href: SOCIAL_URLS.instagram, label: "Instagram" },
  145 |   { icon: TelegramIcon, href: SOCIAL_URLS.telegram, label: "Telegram" },

Ecmascript file had an error

Import trace:
  Server Component:
    ./src/components/SiteHeader.tsx
    ./src/app/[locale]/page.tsx @ http://localhost:3000/_next/static/chunks/node_modules_next_dist_115brz8._.js:3272
[ 2020051ms] [ERROR] ./src/components/SiteHeader.tsx:142:7
the name `SOCIAL_LINKS` is defined multiple times
  140 | }
  141 |
> 142 | const SOCIAL_LINKS = [
      |       ^^^^^^^^^^^^
  143 |   { icon: WhatsAppIcon, href: SOCIAL_URLS.whatsapp, label: "WhatsApp" },
  144 |   { icon: InstagramIcon, href: SOCIAL_URLS.instagram, label: "Instagram" },
  145 |   { icon: TelegramIcon, href: SOCIAL_URLS.telegram, label: "Telegram" },

Ecmascript file had an error

Import trace:
  Server Component:
    ./src/components/SiteHeader.tsx
    ./src/app/[locale]/page.tsx @ http://localhost:3000/_next/static/chunks/node_modules_next_dist_115brz8._.js:3272
[ 2020111ms] [ERROR] ./src/components/SiteHeader.tsx:142:7
the name `SOCIAL_LINKS` is defined multiple times
  140 | }
  141 |
> 142 | const SOCIAL_LINKS = [
      |       ^^^^^^^^^^^^
  143 |   { icon: WhatsAppIcon, href: SOCIAL_URLS.whatsapp, label: "WhatsApp" },
  144 |   { icon: InstagramIcon, href: SOCIAL_URLS.instagram, label: "Instagram" },
  145 |   { icon: TelegramIcon, href: SOCIAL_URLS.telegram, label: "Telegram" },

Ecmascript file had an error

Import trace:
  Server Component:
    ./src/components/SiteHeader.tsx
    ./src/app/[locale]/page.tsx @ http://localhost:3000/_next/static/chunks/node_modules_next_dist_115brz8._.js:3272
[ 2020172ms] [ERROR] ./src/components/SiteHeader.tsx:142:7
the name `SOCIAL_LINKS` is defined multiple times
  140 | }
  141 |
> 142 | const SOCIAL_LINKS = [
      |       ^^^^^^^^^^^^
  143 |   { icon: WhatsAppIcon, href: SOCIAL_URLS.whatsapp, label: "WhatsApp" },
  144 |   { icon: InstagramIcon, href: SOCIAL_URLS.instagram, label: "Instagram" },
  145 |   { icon: TelegramIcon, href: SOCIAL_URLS.telegram, label: "Telegram" },

Ecmascript file had an error

Import trace:
  Server Component:
    ./src/components/SiteHeader.tsx
    ./src/app/[locale]/page.tsx @ http://localhost:3000/_next/static/chunks/node_modules_next_dist_115brz8._.js:3272
[ 2020234ms] [ERROR] ./src/components/SiteHeader.tsx:142:7
the name `SOCIAL_LINKS` is defined multiple times
  140 | }
  141 |
> 142 | const SOCIAL_LINKS = [
      |       ^^^^^^^^^^^^
  143 |   { icon: WhatsAppIcon, href: SOCIAL_URLS.whatsapp, label: "WhatsApp" },
  144 |   { icon: InstagramIcon, href: SOCIAL_URLS.instagram, label: "Instagram" },
  145 |   { icon: TelegramIcon, href: SOCIAL_URLS.telegram, label: "Telegram" },

Ecmascript file had an error

Import trace:
  Server Component:
    ./src/components/SiteHeader.tsx
    ./src/app/[locale]/page.tsx @ http://localhost:3000/_next/static/chunks/node_modules_next_dist_115brz8._.js:3272
[ 2020293ms] [ERROR] ./src/components/SiteHeader.tsx:142:7
the name `SOCIAL_LINKS` is defined multiple times
  140 | }
  141 |
> 142 | const SOCIAL_LINKS = [
      |       ^^^^^^^^^^^^
  143 |   { icon: WhatsAppIcon, href: SOCIAL_URLS.whatsapp, label: "WhatsApp" },
  144 |   { icon: InstagramIcon, href: SOCIAL_URLS.instagram, label: "Instagram" },
  145 |   { icon: TelegramIcon, href: SOCIAL_URLS.telegram, label: "Telegram" },

Ecmascript file had an error

Import trace:
  Server Component:
    ./src/components/SiteHeader.tsx
    ./src/app/[locale]/page.tsx @ http://localhost:3000/_next/static/chunks/node_modules_next_dist_115brz8._.js:3272
[ 2020354ms] [ERROR] ./src/components/SiteHeader.tsx:142:7
the name `SOCIAL_LINKS` is defined multiple times
  140 | }
  141 |
> 142 | const SOCIAL_LINKS = [
      |       ^^^^^^^^^^^^
  143 |   { icon: WhatsAppIcon, href: SOCIAL_URLS.whatsapp, label: "WhatsApp" },
  144 |   { icon: InstagramIcon, href: SOCIAL_URLS.instagram, label: "Instagram" },
  145 |   { icon: TelegramIcon, href: SOCIAL_URLS.telegram, label: "Telegram" },

Ecmascript file had an error

Import trace:
  Server Component:
    ./src/components/SiteHeader.tsx
    ./src/app/[locale]/page.tsx @ http://localhost:3000/_next/static/chunks/node_modules_next_dist_115brz8._.js:3272
[ 2020414ms] [ERROR] ./src/components/SiteHeader.tsx:142:7
the name `SOCIAL_LINKS` is defined multiple times
  140 | }
  141 |
> 142 | const SOCIAL_LINKS = [
      |       ^^^^^^^^^^^^
  143 |   { icon: WhatsAppIcon, href: SOCIAL_URLS.whatsapp, label: "WhatsApp" },
  144 |   { icon: InstagramIcon, href: SOCIAL_URLS.instagram, label: "Instagram" },
  145 |   { icon: TelegramIcon, href: SOCIAL_URLS.telegram, label: "Telegram" },

Ecmascript file had an error

Import trace:
  Server Component:
    ./src/components/SiteHeader.tsx
    ./src/app/[locale]/page.tsx @ http://localhost:3000/_next/static/chunks/node_modules_next_dist_115brz8._.js:3272
[ 2020475ms] [ERROR] ./src/components/SiteHeader.tsx:142:7
the name `SOCIAL_LINKS` is defined multiple times
  140 | }
  141 |
> 142 | const SOCIAL_LINKS = [
      |       ^^^^^^^^^^^^
  143 |   { icon: WhatsAppIcon, href: SOCIAL_URLS.whatsapp, label: "WhatsApp" },
  144 |   { icon: InstagramIcon, href: SOCIAL_URLS.instagram, label: "Instagram" },
  145 |   { icon: TelegramIcon, href: SOCIAL_URLS.telegram, label: "Telegram" },

Ecmascript file had an error

Import trace:
  Server Component:
    ./src/components/SiteHeader.tsx
    ./src/app/[locale]/page.tsx @ http://localhost:3000/_next/static/chunks/node_modules_next_dist_115brz8._.js:3272
[ 2020535ms] [ERROR] ./src/components/SiteHeader.tsx:142:7
the name `SOCIAL_LINKS` is defined multiple times
  140 | }
  141 |
> 142 | const SOCIAL_LINKS = [
      |       ^^^^^^^^^^^^
  143 |   { icon: WhatsAppIcon, href: SOCIAL_URLS.whatsapp, label: "WhatsApp" },
  144 |   { icon: InstagramIcon, href: SOCIAL_URLS.instagram, label: "Instagram" },
  145 |   { icon: TelegramIcon, href: SOCIAL_URLS.telegram, label: "Telegram" },

Ecmascript file had an error

Import trace:
  Server Component:
    ./src/components/SiteHeader.tsx
    ./src/app/[locale]/page.tsx @ http://localhost:3000/_next/static/chunks/node_modules_next_dist_115brz8._.js:3272
[ 2020595ms] [ERROR] ./src/components/SiteHeader.tsx:142:7
the name `SOCIAL_LINKS` is defined multiple times
  140 | }
  141 |
> 142 | const SOCIAL_LINKS = [
      |       ^^^^^^^^^^^^
  143 |   { icon: WhatsAppIcon, href: SOCIAL_URLS.whatsapp, label: "WhatsApp" },
  144 |   { icon: InstagramIcon, href: SOCIAL_URLS.instagram, label: "Instagram" },
  145 |   { icon: TelegramIcon, href: SOCIAL_URLS.telegram, label: "Telegram" },

Ecmascript file had an error

Import trace:
  Server Component:
    ./src/components/SiteHeader.tsx
    ./src/app/[locale]/page.tsx @ http://localhost:3000/_next/static/chunks/node_modules_next_dist_115brz8._.js:3272
[ 2020656ms] [ERROR] ./src/components/SiteHeader.tsx:142:7
the name `SOCIAL_LINKS` is defined multiple times
  140 | }
  141 |
> 142 | const SOCIAL_LINKS = [
      |       ^^^^^^^^^^^^
  143 |   { icon: WhatsAppIcon, href: SOCIAL_URLS.whatsapp, label: "WhatsApp" },
  144 |   { icon: InstagramIcon, href: SOCIAL_URLS.instagram, label: "Instagram" },
  145 |   { icon: TelegramIcon, href: SOCIAL_URLS.telegram, label: "Telegram" },

Ecmascript file had an error

Import trace:
  Server Component:
    ./src/components/SiteHeader.tsx
    ./src/app/[locale]/page.tsx @ http://localhost:3000/_next/static/chunks/node_modules_next_dist_115brz8._.js:3272
[ 2020716ms] [ERROR] ./src/components/SiteHeader.tsx:142:7
the name `SOCIAL_LINKS` is defined multiple times
  140 | }
  141 |
> 142 | const SOCIAL_LINKS = [
      |       ^^^^^^^^^^^^
  143 |   { icon: WhatsAppIcon, href: SOCIAL_URLS.whatsapp, label: "WhatsApp" },
  144 |   { icon: InstagramIcon, href: SOCIAL_URLS.instagram, label: "Instagram" },
  145 |   { icon: TelegramIcon, href: SOCIAL_URLS.telegram, label: "Telegram" },

Ecmascript file had an error

Import trace:
  Server Component:
    ./src/components/SiteHeader.tsx
    ./src/app/[locale]/page.tsx @ http://localhost:3000/_next/static/chunks/node_modules_next_dist_115brz8._.js:3272
[ 2020776ms] [ERROR] ./src/components/SiteHeader.tsx:142:7
the name `SOCIAL_LINKS` is defined multiple times
  140 | }
  141 |
> 142 | const SOCIAL_LINKS = [
      |       ^^^^^^^^^^^^
  143 |   { icon: WhatsAppIcon, href: SOCIAL_URLS.whatsapp, label: "WhatsApp" },
  144 |   { icon: InstagramIcon, href: SOCIAL_URLS.instagram, label: "Instagram" },
  145 |   { icon: TelegramIcon, href: SOCIAL_URLS.telegram, label: "Telegram" },

Ecmascript file had an error

Import trace:
  Server Component:
    ./src/components/SiteHeader.tsx
    ./src/app/[locale]/page.tsx @ http://localhost:3000/_next/static/chunks/node_modules_next_dist_115brz8._.js:3272
[ 2020838ms] [ERROR] ./src/components/SiteHeader.tsx:142:7
the name `SOCIAL_LINKS` is defined multiple times
  140 | }
  141 |
> 142 | const SOCIAL_LINKS = [
      |       ^^^^^^^^^^^^
  143 |   { icon: WhatsAppIcon, href: SOCIAL_URLS.whatsapp, label: "WhatsApp" },
  144 |   { icon: InstagramIcon, href: SOCIAL_URLS.instagram, label: "Instagram" },
  145 |   { icon: TelegramIcon, href: SOCIAL_URLS.telegram, label: "Telegram" },

Ecmascript file had an error

Import trace:
  Server Component:
    ./src/components/SiteHeader.tsx
    ./src/app/[locale]/page.tsx @ http://localhost:3000/_next/static/chunks/node_modules_next_dist_115brz8._.js:3272
[ 2020900ms] [ERROR] ./src/components/SiteHeader.tsx:142:7
the name `SOCIAL_LINKS` is defined multiple times
  140 | }
  141 |
> 142 | const SOCIAL_LINKS = [
      |       ^^^^^^^^^^^^
  143 |   { icon: WhatsAppIcon, href: SOCIAL_URLS.whatsapp, label: "WhatsApp" },
  144 |   { icon: InstagramIcon, href: SOCIAL_URLS.instagram, label: "Instagram" },
  145 |   { icon: TelegramIcon, href: SOCIAL_URLS.telegram, label: "Telegram" },

Ecmascript file had an error

Import trace:
  Server Component:
    ./src/components/SiteHeader.tsx
    ./src/app/[locale]/page.tsx @ http://localhost:3000/_next/static/chunks/node_modules_next_dist_115brz8._.js:3272
[ 2020961ms] [ERROR] ./src/components/SiteHeader.tsx:142:7
the name `SOCIAL_LINKS` is defined multiple times
  140 | }
  141 |
> 142 | const SOCIAL_LINKS = [
      |       ^^^^^^^^^^^^
  143 |   { icon: WhatsAppIcon, href: SOCIAL_URLS.whatsapp, label: "WhatsApp" },
  144 |   { icon: InstagramIcon, href: SOCIAL_URLS.instagram, label: "Instagram" },
  145 |   { icon: TelegramIcon, href: SOCIAL_URLS.telegram, label: "Telegram" },

Ecmascript file had an error

Import trace:
  Server Component:
    ./src/components/SiteHeader.tsx
    ./src/app/[locale]/page.tsx @ http://localhost:3000/_next/static/chunks/node_modules_next_dist_115brz8._.js:3272
[ 2021022ms] [ERROR] ./src/components/SiteHeader.tsx:142:7
the name `SOCIAL_LINKS` is defined multiple times
  140 | }
  141 |
> 142 | const SOCIAL_LINKS = [
      |       ^^^^^^^^^^^^
  143 |   { icon: WhatsAppIcon, href: SOCIAL_URLS.whatsapp, label: "WhatsApp" },
  144 |   { icon: InstagramIcon, href: SOCIAL_URLS.instagram, label: "Instagram" },
  145 |   { icon: TelegramIcon, href: SOCIAL_URLS.telegram, label: "Telegram" },

Ecmascript file had an error

Import trace:
  Server Component:
    ./src/components/SiteHeader.tsx
    ./src/app/[locale]/page.tsx @ http://localhost:3000/_next/static/chunks/node_modules_next_dist_115brz8._.js:3272
[ 2021084ms] [ERROR] ./src/components/SiteHeader.tsx:142:7
the name `SOCIAL_LINKS` is defined multiple times
  140 | }
  141 |
> 142 | const SOCIAL_LINKS = [
      |       ^^^^^^^^^^^^
  143 |   { icon: WhatsAppIcon, href: SOCIAL_URLS.whatsapp, label: "WhatsApp" },
  144 |   { icon: InstagramIcon, href: SOCIAL_URLS.instagram, label: "Instagram" },
  145 |   { icon: TelegramIcon, href: SOCIAL_URLS.telegram, label: "Telegram" },

Ecmascript file had an error

Import trace:
  Server Component:
    ./src/components/SiteHeader.tsx
    ./src/app/[locale]/page.tsx @ http://localhost:3000/_next/static/chunks/node_modules_next_dist_115brz8._.js:3272
[ 2021144ms] [ERROR] ./src/components/SiteHeader.tsx:142:7
the name `SOCIAL_LINKS` is defined multiple times
  140 | }
  141 |
> 142 | const SOCIAL_LINKS = [
      |       ^^^^^^^^^^^^
  143 |   { icon: WhatsAppIcon, href: SOCIAL_URLS.whatsapp, label: "WhatsApp" },
  144 |   { icon: InstagramIcon, href: SOCIAL_URLS.instagram, label: "Instagram" },
  145 |   { icon: TelegramIcon, href: SOCIAL_URLS.telegram, label: "Telegram" },

Ecmascript file had an error

Import trace:
  Server Component:
    ./src/components/SiteHeader.tsx
    ./src/app/[locale]/page.tsx @ http://localhost:3000/_next/static/chunks/node_modules_next_dist_115brz8._.js:3272
[ 2021205ms] [ERROR] ./src/components/SiteHeader.tsx:142:7
the name `SOCIAL_LINKS` is defined multiple times
  140 | }
  141 |
> 142 | const SOCIAL_LINKS = [
      |       ^^^^^^^^^^^^
  143 |   { icon: WhatsAppIcon, href: SOCIAL_URLS.whatsapp, label: "WhatsApp" },
  144 |   { icon: InstagramIcon, href: SOCIAL_URLS.instagram, label: "Instagram" },
  145 |   { icon: TelegramIcon, href: SOCIAL_URLS.telegram, label: "Telegram" },

Ecmascript file had an error

Import trace:
  Server Component:
    ./src/components/SiteHeader.tsx
    ./src/app/[locale]/page.tsx @ http://localhost:3000/_next/static/chunks/node_modules_next_dist_115brz8._.js:3272
[ 2021268ms] [ERROR] ./src/components/SiteHeader.tsx:142:7
the name `SOCIAL_LINKS` is defined multiple times
  140 | }
  141 |
> 142 | const SOCIAL_LINKS = [
      |       ^^^^^^^^^^^^
  143 |   { icon: WhatsAppIcon, href: SOCIAL_URLS.whatsapp, label: "WhatsApp" },
  144 |   { icon: InstagramIcon, href: SOCIAL_URLS.instagram, label: "Instagram" },
  145 |   { icon: TelegramIcon, href: SOCIAL_URLS.telegram, label: "Telegram" },

Ecmascript file had an error

Import trace:
  Server Component:
    ./src/components/SiteHeader.tsx
    ./src/app/[locale]/page.tsx @ http://localhost:3000/_next/static/chunks/node_modules_next_dist_115brz8._.js:3272
[ 2021330ms] [ERROR] ./src/components/SiteHeader.tsx:142:7
the name `SOCIAL_LINKS` is defined multiple times
  140 | }
  141 |
> 142 | const SOCIAL_LINKS = [
      |       ^^^^^^^^^^^^
  143 |   { icon: WhatsAppIcon, href: SOCIAL_URLS.whatsapp, label: "WhatsApp" },
  144 |   { icon: InstagramIcon, href: SOCIAL_URLS.instagram, label: "Instagram" },
  145 |   { icon: TelegramIcon, href: SOCIAL_URLS.telegram, label: "Telegram" },

Ecmascript file had an error

Import trace:
  Server Component:
    ./src/components/SiteHeader.tsx
    ./src/app/[locale]/page.tsx @ http://localhost:3000/_next/static/chunks/node_modules_next_dist_115brz8._.js:3272
[ 2021391ms] [ERROR] ./src/components/SiteHeader.tsx:142:7
the name `SOCIAL_LINKS` is defined multiple times
  140 | }
  141 |
> 142 | const SOCIAL_LINKS = [
      |       ^^^^^^^^^^^^
  143 |   { icon: WhatsAppIcon, href: SOCIAL_URLS.whatsapp, label: "WhatsApp" },
  144 |   { icon: InstagramIcon, href: SOCIAL_URLS.instagram, label: "Instagram" },
  145 |   { icon: TelegramIcon, href: SOCIAL_URLS.telegram, label: "Telegram" },

Ecmascript file had an error

Import trace:
  Server Component:
    ./src/components/SiteHeader.tsx
    ./src/app/[locale]/page.tsx @ http://localhost:3000/_next/static/chunks/node_modules_next_dist_115brz8._.js:3272
[ 2021452ms] [ERROR] ./src/components/SiteHeader.tsx:142:7
the name `SOCIAL_LINKS` is defined multiple times
  140 | }
  141 |
> 142 | const SOCIAL_LINKS = [
      |       ^^^^^^^^^^^^
  143 |   { icon: WhatsAppIcon, href: SOCIAL_URLS.whatsapp, label: "WhatsApp" },
  144 |   { icon: InstagramIcon, href: SOCIAL_URLS.instagram, label: "Instagram" },
  145 |   { icon: TelegramIcon, href: SOCIAL_URLS.telegram, label: "Telegram" },

Ecmascript file had an error

Import trace:
  Server Component:
    ./src/components/SiteHeader.tsx
    ./src/app/[locale]/page.tsx @ http://localhost:3000/_next/static/chunks/node_modules_next_dist_115brz8._.js:3272
[ 2021512ms] [ERROR] ./src/components/SiteHeader.tsx:142:7
the name `SOCIAL_LINKS` is defined multiple times
  140 | }
  141 |
> 142 | const SOCIAL_LINKS = [
      |       ^^^^^^^^^^^^
  143 |   { icon: WhatsAppIcon, href: SOCIAL_URLS.whatsapp, label: "WhatsApp" },
  144 |   { icon: InstagramIcon, href: SOCIAL_URLS.instagram, label: "Instagram" },
  145 |   { icon: TelegramIcon, href: SOCIAL_URLS.telegram, label: "Telegram" },

Ecmascript file had an error

Import trace:
  Server Component:
    ./src/components/SiteHeader.tsx
    ./src/app/[locale]/page.tsx @ http://localhost:3000/_next/static/chunks/node_modules_next_dist_115brz8._.js:3272
[ 2021574ms] [ERROR] ./src/components/SiteHeader.tsx:142:7
the name `SOCIAL_LINKS` is defined multiple times
  140 | }
  141 |
> 142 | const SOCIAL_LINKS = [
      |       ^^^^^^^^^^^^
  143 |   { icon: WhatsAppIcon, href: SOCIAL_URLS.whatsapp, label: "WhatsApp" },
  144 |   { icon: InstagramIcon, href: SOCIAL_URLS.instagram, label: "Instagram" },
  145 |   { icon: TelegramIcon, href: SOCIAL_URLS.telegram, label: "Telegram" },

Ecmascript file had an error

Import trace:
  Server Component:
    ./src/components/SiteHeader.tsx
    ./src/app/[locale]/page.tsx @ http://localhost:3000/_next/static/chunks/node_modules_next_dist_115brz8._.js:3272
[ 2021636ms] [ERROR] ./src/components/SiteHeader.tsx:142:7
the name `SOCIAL_LINKS` is defined multiple times
  140 | }
  141 |
> 142 | const SOCIAL_LINKS = [
      |       ^^^^^^^^^^^^
  143 |   { icon: WhatsAppIcon, href: SOCIAL_URLS.whatsapp, label: "WhatsApp" },
  144 |   { icon: InstagramIcon, href: SOCIAL_URLS.instagram, label: "Instagram" },
  145 |   { icon: TelegramIcon, href: SOCIAL_URLS.telegram, label: "Telegram" },

Ecmascript file had an error

Import trace:
  Server Component:
    ./src/components/SiteHeader.tsx
    ./src/app/[locale]/page.tsx @ http://localhost:3000/_next/static/chunks/node_modules_next_dist_115brz8._.js:3272
[ 2021696ms] [ERROR] ./src/components/SiteHeader.tsx:142:7
the name `SOCIAL_LINKS` is defined multiple times
  140 | }
  141 |
> 142 | const SOCIAL_LINKS = [
      |       ^^^^^^^^^^^^
  143 |   { icon: WhatsAppIcon, href: SOCIAL_URLS.whatsapp, label: "WhatsApp" },
  144 |   { icon: InstagramIcon, href: SOCIAL_URLS.instagram, label: "Instagram" },
  145 |   { icon: TelegramIcon, href: SOCIAL_URLS.telegram, label: "Telegram" },

Ecmascript file had an error

Import trace:
  Server Component:
    ./src/components/SiteHeader.tsx
    ./src/app/[locale]/page.tsx @ http://localhost:3000/_next/static/chunks/node_modules_next_dist_115brz8._.js:3272
[ 2021756ms] [ERROR] ./src/components/SiteHeader.tsx:142:7
the name `SOCIAL_LINKS` is defined multiple times
  140 | }
  141 |
> 142 | const SOCIAL_LINKS = [
      |       ^^^^^^^^^^^^
  143 |   { icon: WhatsAppIcon, href: SOCIAL_URLS.whatsapp, label: "WhatsApp" },
  144 |   { icon: InstagramIcon, href: SOCIAL_URLS.instagram, label: "Instagram" },
  145 |   { icon: TelegramIcon, href: SOCIAL_URLS.telegram, label: "Telegram" },

Ecmascript file had an error

Import trace:
  Server Component:
    ./src/components/SiteHeader.tsx
    ./src/app/[locale]/page.tsx @ http://localhost:3000/_next/static/chunks/node_modules_next_dist_115brz8._.js:3272
[ 2021816ms] [ERROR] ./src/components/SiteHeader.tsx:142:7
the name `SOCIAL_LINKS` is defined multiple times
  140 | }
  141 |
> 142 | const SOCIAL_LINKS = [
      |       ^^^^^^^^^^^^
  143 |   { icon: WhatsAppIcon, href: SOCIAL_URLS.whatsapp, label: "WhatsApp" },
  144 |   { icon: InstagramIcon, href: SOCIAL_URLS.instagram, label: "Instagram" },
  145 |   { icon: TelegramIcon, href: SOCIAL_URLS.telegram, label: "Telegram" },

Ecmascript file had an error

Import trace:
  Server Component:
    ./src/components/SiteHeader.tsx
    ./src/app/[locale]/page.tsx @ http://localhost:3000/_next/static/chunks/node_modules_next_dist_115brz8._.js:3272
[ 2021878ms] [ERROR] ./src/components/SiteHeader.tsx:142:7
the name `SOCIAL_LINKS` is defined multiple times
  140 | }
  141 |
> 142 | const SOCIAL_LINKS = [
      |       ^^^^^^^^^^^^
  143 |   { icon: WhatsAppIcon, href: SOCIAL_URLS.whatsapp, label: "WhatsApp" },
  144 |   { icon: InstagramIcon, href: SOCIAL_URLS.instagram, label: "Instagram" },
  145 |   { icon: TelegramIcon, href: SOCIAL_URLS.telegram, label: "Telegram" },

Ecmascript file had an error

Import trace:
  Server Component:
    ./src/components/SiteHeader.tsx
    ./src/app/[locale]/page.tsx @ http://localhost:3000/_next/static/chunks/node_modules_next_dist_115brz8._.js:3272
[ 2021939ms] [ERROR] ./src/components/SiteHeader.tsx:142:7
the name `SOCIAL_LINKS` is defined multiple times
  140 | }
  141 |
> 142 | const SOCIAL_LINKS = [
      |       ^^^^^^^^^^^^
  143 |   { icon: WhatsAppIcon, href: SOCIAL_URLS.whatsapp, label: "WhatsApp" },
  144 |   { icon: InstagramIcon, href: SOCIAL_URLS.instagram, label: "Instagram" },
  145 |   { icon: TelegramIcon, href: SOCIAL_URLS.telegram, label: "Telegram" },

Ecmascript file had an error

Import trace:
  Server Component:
    ./src/components/SiteHeader.tsx
    ./src/app/[locale]/page.tsx @ http://localhost:3000/_next/static/chunks/node_modules_next_dist_115brz8._.js:3272
[ 2022001ms] [ERROR] ./src/components/SiteHeader.tsx:142:7
the name `SOCIAL_LINKS` is defined multiple times
  140 | }
  141 |
> 142 | const SOCIAL_LINKS = [
      |       ^^^^^^^^^^^^
  143 |   { icon: WhatsAppIcon, href: SOCIAL_URLS.whatsapp, label: "WhatsApp" },
  144 |   { icon: InstagramIcon, href: SOCIAL_URLS.instagram, label: "Instagram" },
  145 |   { icon: TelegramIcon, href: SOCIAL_URLS.telegram, label: "Telegram" },

Ecmascript file had an error

Import trace:
  Server Component:
    ./src/components/SiteHeader.tsx
    ./src/app/[locale]/page.tsx @ http://localhost:3000/_next/static/chunks/node_modules_next_dist_115brz8._.js:3272
[ 2022062ms] [ERROR] ./src/components/SiteHeader.tsx:142:7
the name `SOCIAL_LINKS` is defined multiple times
  140 | }
  141 |
> 142 | const SOCIAL_LINKS = [
      |       ^^^^^^^^^^^^
  143 |   { icon: WhatsAppIcon, href: SOCIAL_URLS.whatsapp, label: "WhatsApp" },
  144 |   { icon: InstagramIcon, href: SOCIAL_URLS.instagram, label: "Instagram" },
  145 |   { icon: TelegramIcon, href: SOCIAL_URLS.telegram, label: "Telegram" },

Ecmascript file had an error

Import trace:
  Server Component:
    ./src/components/SiteHeader.tsx
    ./src/app/[locale]/page.tsx @ http://localhost:3000/_next/static/chunks/node_modules_next_dist_115brz8._.js:3272
[ 2022123ms] [ERROR] ./src/components/SiteHeader.tsx:142:7
the name `SOCIAL_LINKS` is defined multiple times
  140 | }
  141 |
> 142 | const SOCIAL_LINKS = [
      |       ^^^^^^^^^^^^
  143 |   { icon: WhatsAppIcon, href: SOCIAL_URLS.whatsapp, label: "WhatsApp" },
  144 |   { icon: InstagramIcon, href: SOCIAL_URLS.instagram, label: "Instagram" },
  145 |   { icon: TelegramIcon, href: SOCIAL_URLS.telegram, label: "Telegram" },

Ecmascript file had an error

Import trace:
  Server Component:
    ./src/components/SiteHeader.tsx
    ./src/app/[locale]/page.tsx @ http://localhost:3000/_next/static/chunks/node_modules_next_dist_115brz8._.js:3272
[ 2022185ms] [ERROR] ./src/components/SiteHeader.tsx:142:7
the name `SOCIAL_LINKS` is defined multiple times
  140 | }
  141 |
> 142 | const SOCIAL_LINKS = [
      |       ^^^^^^^^^^^^
  143 |   { icon: WhatsAppIcon, href: SOCIAL_URLS.whatsapp, label: "WhatsApp" },
  144 |   { icon: InstagramIcon, href: SOCIAL_URLS.instagram, label: "Instagram" },
  145 |   { icon: TelegramIcon, href: SOCIAL_URLS.telegram, label: "Telegram" },

Ecmascript file had an error

Import trace:
  Server Component:
    ./src/components/SiteHeader.tsx
    ./src/app/[locale]/page.tsx @ http://localhost:3000/_next/static/chunks/node_modules_next_dist_115brz8._.js:3272
[ 2022245ms] [ERROR] ./src/components/SiteHeader.tsx:142:7
the name `SOCIAL_LINKS` is defined multiple times
  140 | }
  141 |
> 142 | const SOCIAL_LINKS = [
      |       ^^^^^^^^^^^^
  143 |   { icon: WhatsAppIcon, href: SOCIAL_URLS.whatsapp, label: "WhatsApp" },
  144 |   { icon: InstagramIcon, href: SOCIAL_URLS.instagram, label: "Instagram" },
  145 |   { icon: TelegramIcon, href: SOCIAL_URLS.telegram, label: "Telegram" },

Ecmascript file had an error

Import trace:
  Server Component:
    ./src/components/SiteHeader.tsx
    ./src/app/[locale]/page.tsx @ http://localhost:3000/_next/static/chunks/node_modules_next_dist_115brz8._.js:3272
[ 2022307ms] [ERROR] ./src/components/SiteHeader.tsx:142:7
the name `SOCIAL_LINKS` is defined multiple times
  140 | }
  141 |
> 142 | const SOCIAL_LINKS = [
      |       ^^^^^^^^^^^^
  143 |   { icon: WhatsAppIcon, href: SOCIAL_URLS.whatsapp, label: "WhatsApp" },
  144 |   { icon: InstagramIcon, href: SOCIAL_URLS.instagram, label: "Instagram" },
  145 |   { icon: TelegramIcon, href: SOCIAL_URLS.telegram, label: "Telegram" },

Ecmascript file had an error

Import trace:
  Server Component:
    ./src/components/SiteHeader.tsx
    ./src/app/[locale]/page.tsx @ http://localhost:3000/_next/static/chunks/node_modules_next_dist_115brz8._.js:3272
[ 2022367ms] [ERROR] ./src/components/SiteHeader.tsx:142:7
the name `SOCIAL_LINKS` is defined multiple times
  140 | }
  141 |
> 142 | const SOCIAL_LINKS = [
      |       ^^^^^^^^^^^^
  143 |   { icon: WhatsAppIcon, href: SOCIAL_URLS.whatsapp, label: "WhatsApp" },
  144 |   { icon: InstagramIcon, href: SOCIAL_URLS.instagram, label: "Instagram" },
  145 |   { icon: TelegramIcon, href: SOCIAL_URLS.telegram, label: "Telegram" },

Ecmascript file had an error

Import trace:
  Server Component:
    ./src/components/SiteHeader.tsx
    ./src/app/[locale]/page.tsx @ http://localhost:3000/_next/static/chunks/node_modules_next_dist_115brz8._.js:3272
[ 2022428ms] [ERROR] ./src/components/SiteHeader.tsx:142:7
the name `SOCIAL_LINKS` is defined multiple times
  140 | }
  141 |
> 142 | const SOCIAL_LINKS = [
      |       ^^^^^^^^^^^^
  143 |   { icon: WhatsAppIcon, href: SOCIAL_URLS.whatsapp, label: "WhatsApp" },
  144 |   { icon: InstagramIcon, href: SOCIAL_URLS.instagram, label: "Instagram" },
  145 |   { icon: TelegramIcon, href: SOCIAL_URLS.telegram, label: "Telegram" },

Ecmascript file had an error

Import trace:
  Server Component:
    ./src/components/SiteHeader.tsx
    ./src/app/[locale]/page.tsx @ http://localhost:3000/_next/static/chunks/node_modules_next_dist_115brz8._.js:3272
[ 2022489ms] [ERROR] ./src/components/SiteHeader.tsx:142:7
the name `SOCIAL_LINKS` is defined multiple times
  140 | }
  141 |
> 142 | const SOCIAL_LINKS = [
      |       ^^^^^^^^^^^^
  143 |   { icon: WhatsAppIcon, href: SOCIAL_URLS.whatsapp, label: "WhatsApp" },
  144 |   { icon: InstagramIcon, href: SOCIAL_URLS.instagram, label: "Instagram" },
  145 |   { icon: TelegramIcon, href: SOCIAL_URLS.telegram, label: "Telegram" },

Ecmascript file had an error

Import trace:
  Server Component:
    ./src/components/SiteHeader.tsx
    ./src/app/[locale]/page.tsx @ http://localhost:3000/_next/static/chunks/node_modules_next_dist_115brz8._.js:3272
[ 2022551ms] [ERROR] ./src/components/SiteHeader.tsx:142:7
the name `SOCIAL_LINKS` is defined multiple times
  140 | }
  141 |
> 142 | const SOCIAL_LINKS = [
      |       ^^^^^^^^^^^^
  143 |   { icon: WhatsAppIcon, href: SOCIAL_URLS.whatsapp, label: "WhatsApp" },
  144 |   { icon: InstagramIcon, href: SOCIAL_URLS.instagram, label: "Instagram" },
  145 |   { icon: TelegramIcon, href: SOCIAL_URLS.telegram, label: "Telegram" },

Ecmascript file had an error

Import trace:
  Server Component:
    ./src/components/SiteHeader.tsx
    ./src/app/[locale]/page.tsx @ http://localhost:3000/_next/static/chunks/node_modules_next_dist_115brz8._.js:3272
[ 2022611ms] [ERROR] ./src/components/SiteHeader.tsx:142:7
the name `SOCIAL_LINKS` is defined multiple times
  140 | }
  141 |
> 142 | const SOCIAL_LINKS = [
      |       ^^^^^^^^^^^^
  143 |   { icon: WhatsAppIcon, href: SOCIAL_URLS.whatsapp, label: "WhatsApp" },
  144 |   { icon: InstagramIcon, href: SOCIAL_URLS.instagram, label: "Instagram" },
  145 |   { icon: TelegramIcon, href: SOCIAL_URLS.telegram, label: "Telegram" },

Ecmascript file had an error

Import trace:
  Server Component:
    ./src/components/SiteHeader.tsx
    ./src/app/[locale]/page.tsx @ http://localhost:3000/_next/static/chunks/node_modules_next_dist_115brz8._.js:3272
[ 2022671ms] [ERROR] ./src/components/SiteHeader.tsx:142:7
the name `SOCIAL_LINKS` is defined multiple times
  140 | }
  141 |
> 142 | const SOCIAL_LINKS = [
      |       ^^^^^^^^^^^^
  143 |   { icon: WhatsAppIcon, href: SOCIAL_URLS.whatsapp, label: "WhatsApp" },
  144 |   { icon: InstagramIcon, href: SOCIAL_URLS.instagram, label: "Instagram" },
  145 |   { icon: TelegramIcon, href: SOCIAL_URLS.telegram, label: "Telegram" },

Ecmascript file had an error

Import trace:
  Server Component:
    ./src/components/SiteHeader.tsx
    ./src/app/[locale]/page.tsx @ http://localhost:3000/_next/static/chunks/node_modules_next_dist_115brz8._.js:3272
[ 2022732ms] [ERROR] ./src/components/SiteHeader.tsx:142:7
the name `SOCIAL_LINKS` is defined multiple times
  140 | }
  141 |
> 142 | const SOCIAL_LINKS = [
      |       ^^^^^^^^^^^^
  143 |   { icon: WhatsAppIcon, href: SOCIAL_URLS.whatsapp, label: "WhatsApp" },
  144 |   { icon: InstagramIcon, href: SOCIAL_URLS.instagram, label: "Instagram" },
  145 |   { icon: TelegramIcon, href: SOCIAL_URLS.telegram, label: "Telegram" },

Ecmascript file had an error

Import trace:
  Server Component:
    ./src/components/SiteHeader.tsx
    ./src/app/[locale]/page.tsx @ http://localhost:3000/_next/static/chunks/node_modules_next_dist_115brz8._.js:3272
[ 2022793ms] [ERROR] ./src/components/SiteHeader.tsx:142:7
the name `SOCIAL_LINKS` is defined multiple times
  140 | }
  141 |
> 142 | const SOCIAL_LINKS = [
      |       ^^^^^^^^^^^^
  143 |   { icon: WhatsAppIcon, href: SOCIAL_URLS.whatsapp, label: "WhatsApp" },
  144 |   { icon: InstagramIcon, href: SOCIAL_URLS.instagram, label: "Instagram" },
  145 |   { icon: TelegramIcon, href: SOCIAL_URLS.telegram, label: "Telegram" },

Ecmascript file had an error

Import trace:
  Server Component:
    ./src/components/SiteHeader.tsx
    ./src/app/[locale]/page.tsx @ http://localhost:3000/_next/static/chunks/node_modules_next_dist_115brz8._.js:3272
[ 2022854ms] [ERROR] ./src/components/SiteHeader.tsx:142:7
the name `SOCIAL_LINKS` is defined multiple times
  140 | }
  141 |
> 142 | const SOCIAL_LINKS = [
      |       ^^^^^^^^^^^^
  143 |   { icon: WhatsAppIcon, href: SOCIAL_URLS.whatsapp, label: "WhatsApp" },
  144 |   { icon: InstagramIcon, href: SOCIAL_URLS.instagram, label: "Instagram" },
  145 |   { icon: TelegramIcon, href: SOCIAL_URLS.telegram, label: "Telegram" },

Ecmascript file had an error

Import trace:
  Server Component:
    ./src/components/SiteHeader.tsx
    ./src/app/[locale]/page.tsx @ http://localhost:3000/_next/static/chunks/node_modules_next_dist_115brz8._.js:3272
[ 2022914ms] [ERROR] ./src/components/SiteHeader.tsx:142:7
the name `SOCIAL_LINKS` is defined multiple times
  140 | }
  141 |
> 142 | const SOCIAL_LINKS = [
      |       ^^^^^^^^^^^^
  143 |   { icon: WhatsAppIcon, href: SOCIAL_URLS.whatsapp, label: "WhatsApp" },
  144 |   { icon: InstagramIcon, href: SOCIAL_URLS.instagram, label: "Instagram" },
  145 |   { icon: TelegramIcon, href: SOCIAL_URLS.telegram, label: "Telegram" },

Ecmascript file had an error

Import trace:
  Server Component:
    ./src/components/SiteHeader.tsx
    ./src/app/[locale]/page.tsx @ http://localhost:3000/_next/static/chunks/node_modules_next_dist_115brz8._.js:3272
[ 2022975ms] [ERROR] ./src/components/SiteHeader.tsx:142:7
the name `SOCIAL_LINKS` is defined multiple times
  140 | }
  141 |
> 142 | const SOCIAL_LINKS = [
      |       ^^^^^^^^^^^^
  143 |   { icon: WhatsAppIcon, href: SOCIAL_URLS.whatsapp, label: "WhatsApp" },
  144 |   { icon: InstagramIcon, href: SOCIAL_URLS.instagram, label: "Instagram" },
  145 |   { icon: TelegramIcon, href: SOCIAL_URLS.telegram, label: "Telegram" },

Ecmascript file had an error

Import trace:
  Server Component:
    ./src/components/SiteHeader.tsx
    ./src/app/[locale]/page.tsx @ http://localhost:3000/_next/static/chunks/node_modules_next_dist_115brz8._.js:3272
[ 2023037ms] [ERROR] ./src/components/SiteHeader.tsx:142:7
the name `SOCIAL_LINKS` is defined multiple times
  140 | }
  141 |
> 142 | const SOCIAL_LINKS = [
      |       ^^^^^^^^^^^^
  143 |   { icon: WhatsAppIcon, href: SOCIAL_URLS.whatsapp, label: "WhatsApp" },
  144 |   { icon: InstagramIcon, href: SOCIAL_URLS.instagram, label: "Instagram" },
  145 |   { icon: TelegramIcon, href: SOCIAL_URLS.telegram, label: "Telegram" },

Ecmascript file had an error

Import trace:
  Server Component:
    ./src/components/SiteHeader.tsx
    ./src/app/[locale]/page.tsx @ http://localhost:3000/_next/static/chunks/node_modules_next_dist_115brz8._.js:3272
[ 2023098ms] [ERROR] ./src/components/SiteHeader.tsx:142:7
the name `SOCIAL_LINKS` is defined multiple times
  140 | }
  141 |
> 142 | const SOCIAL_LINKS = [
      |       ^^^^^^^^^^^^
  143 |   { icon: WhatsAppIcon, href: SOCIAL_URLS.whatsapp, label: "WhatsApp" },
  144 |   { icon: InstagramIcon, href: SOCIAL_URLS.instagram, label: "Instagram" },
  145 |   { icon: TelegramIcon, href: SOCIAL_URLS.telegram, label: "Telegram" },

Ecmascript file had an error

Import trace:
  Server Component:
    ./src/components/SiteHeader.tsx
    ./src/app/[locale]/page.tsx @ http://localhost:3000/_next/static/chunks/node_modules_next_dist_115brz8._.js:3272
[ 2023160ms] [ERROR] ./src/components/SiteHeader.tsx:142:7
the name `SOCIAL_LINKS` is defined multiple times
  140 | }
  141 |
> 142 | const SOCIAL_LINKS = [
      |       ^^^^^^^^^^^^
  143 |   { icon: WhatsAppIcon, href: SOCIAL_URLS.whatsapp, label: "WhatsApp" },
  144 |   { icon: InstagramIcon, href: SOCIAL_URLS.instagram, label: "Instagram" },
  145 |   { icon: TelegramIcon, href: SOCIAL_URLS.telegram, label: "Telegram" },

Ecmascript file had an error

Import trace:
  Server Component:
    ./src/components/SiteHeader.tsx
    ./src/app/[locale]/page.tsx @ http://localhost:3000/_next/static/chunks/node_modules_next_dist_115brz8._.js:3272
[ 2023222ms] [ERROR] ./src/components/SiteHeader.tsx:142:7
the name `SOCIAL_LINKS` is defined multiple times
  140 | }
  141 |
> 142 | const SOCIAL_LINKS = [
      |       ^^^^^^^^^^^^
  143 |   { icon: WhatsAppIcon, href: SOCIAL_URLS.whatsapp, label: "WhatsApp" },
  144 |   { icon: InstagramIcon, href: SOCIAL_URLS.instagram, label: "Instagram" },
  145 |   { icon: TelegramIcon, href: SOCIAL_URLS.telegram, label: "Telegram" },

Ecmascript file had an error

Import trace:
  Server Component:
    ./src/components/SiteHeader.tsx
    ./src/app/[locale]/page.tsx @ http://localhost:3000/_next/static/chunks/node_modules_next_dist_115brz8._.js:3272
[ 2023283ms] [ERROR] ./src/components/SiteHeader.tsx:142:7
the name `SOCIAL_LINKS` is defined multiple times
  140 | }
  141 |
> 142 | const SOCIAL_LINKS = [
      |       ^^^^^^^^^^^^
  143 |   { icon: WhatsAppIcon, href: SOCIAL_URLS.whatsapp, label: "WhatsApp" },
  144 |   { icon: InstagramIcon, href: SOCIAL_URLS.instagram, label: "Instagram" },
  145 |   { icon: TelegramIcon, href: SOCIAL_URLS.telegram, label: "Telegram" },

Ecmascript file had an error

Import trace:
  Server Component:
    ./src/components/SiteHeader.tsx
    ./src/app/[locale]/page.tsx @ http://localhost:3000/_next/static/chunks/node_modules_next_dist_115brz8._.js:3272
[ 2023344ms] [ERROR] ./src/components/SiteHeader.tsx:142:7
the name `SOCIAL_LINKS` is defined multiple times
  140 | }
  141 |
> 142 | const SOCIAL_LINKS = [
      |       ^^^^^^^^^^^^
  143 |   { icon: WhatsAppIcon, href: SOCIAL_URLS.whatsapp, label: "WhatsApp" },
  144 |   { icon: InstagramIcon, href: SOCIAL_URLS.instagram, label: "Instagram" },
  145 |   { icon: TelegramIcon, href: SOCIAL_URLS.telegram, label: "Telegram" },

Ecmascript file had an error

Import trace:
  Server Component:
    ./src/components/SiteHeader.tsx
    ./src/app/[locale]/page.tsx @ http://localhost:3000/_next/static/chunks/node_modules_next_dist_115brz8._.js:3272
[ 2023406ms] [ERROR] ./src/components/SiteHeader.tsx:142:7
the name `SOCIAL_LINKS` is defined multiple times
  140 | }
  141 |
> 142 | const SOCIAL_LINKS = [
      |       ^^^^^^^^^^^^
  143 |   { icon: WhatsAppIcon, href: SOCIAL_URLS.whatsapp, label: "WhatsApp" },
  144 |   { icon: InstagramIcon, href: SOCIAL_URLS.instagram, label: "Instagram" },
  145 |   { icon: TelegramIcon, href: SOCIAL_URLS.telegram, label: "Telegram" },

Ecmascript file had an error

Import trace:
  Server Component:
    ./src/components/SiteHeader.tsx
    ./src/app/[locale]/page.tsx @ http://localhost:3000/_next/static/chunks/node_modules_next_dist_115brz8._.js:3272
[ 2023467ms] [ERROR] ./src/components/SiteHeader.tsx:142:7
the name `SOCIAL_LINKS` is defined multiple times
  140 | }
  141 |
> 142 | const SOCIAL_LINKS = [
      |       ^^^^^^^^^^^^
  143 |   { icon: WhatsAppIcon, href: SOCIAL_URLS.whatsapp, label: "WhatsApp" },
  144 |   { icon: InstagramIcon, href: SOCIAL_URLS.instagram, label: "Instagram" },
  145 |   { icon: TelegramIcon, href: SOCIAL_URLS.telegram, label: "Telegram" },

Ecmascript file had an error

Import trace:
  Server Component:
    ./src/components/SiteHeader.tsx
    ./src/app/[locale]/page.tsx @ http://localhost:3000/_next/static/chunks/node_modules_next_dist_115brz8._.js:3272
[ 2023528ms] [ERROR] ./src/components/SiteHeader.tsx:142:7
the name `SOCIAL_LINKS` is defined multiple times
  140 | }
  141 |
> 142 | const SOCIAL_LINKS = [
      |       ^^^^^^^^^^^^
  143 |   { icon: WhatsAppIcon, href: SOCIAL_URLS.whatsapp, label: "WhatsApp" },
  144 |   { icon: InstagramIcon, href: SOCIAL_URLS.instagram, label: "Instagram" },
  145 |   { icon: TelegramIcon, href: SOCIAL_URLS.telegram, label: "Telegram" },

Ecmascript file had an error

Import trace:
  Server Component:
    ./src/components/SiteHeader.tsx
    ./src/app/[locale]/page.tsx @ http://localhost:3000/_next/static/chunks/node_modules_next_dist_115brz8._.js:3272
[ 2023589ms] [ERROR] ./src/components/SiteHeader.tsx:142:7
the name `SOCIAL_LINKS` is defined multiple times
  140 | }
  141 |
> 142 | const SOCIAL_LINKS = [
      |       ^^^^^^^^^^^^
  143 |   { icon: WhatsAppIcon, href: SOCIAL_URLS.whatsapp, label: "WhatsApp" },
  144 |   { icon: InstagramIcon, href: SOCIAL_URLS.instagram, label: "Instagram" },
  145 |   { icon: TelegramIcon, href: SOCIAL_URLS.telegram, label: "Telegram" },

Ecmascript file had an error

Import trace:
  Server Component:
    ./src/components/SiteHeader.tsx
    ./src/app/[locale]/page.tsx @ http://localhost:3000/_next/static/chunks/node_modules_next_dist_115brz8._.js:3272
[ 2023649ms] [ERROR] ./src/components/SiteHeader.tsx:142:7
the name `SOCIAL_LINKS` is defined multiple times
  140 | }
  141 |
> 142 | const SOCIAL_LINKS = [
      |       ^^^^^^^^^^^^
  143 |   { icon: WhatsAppIcon, href: SOCIAL_URLS.whatsapp, label: "WhatsApp" },
  144 |   { icon: InstagramIcon, href: SOCIAL_URLS.instagram, label: "Instagram" },
  145 |   { icon: TelegramIcon, href: SOCIAL_URLS.telegram, label: "Telegram" },

Ecmascript file had an error

Import trace:
  Server Component:
    ./src/components/SiteHeader.tsx
    ./src/app/[locale]/page.tsx @ http://localhost:3000/_next/static/chunks/node_modules_next_dist_115brz8._.js:3272
[ 2023711ms] [ERROR] ./src/components/SiteHeader.tsx:142:7
the name `SOCIAL_LINKS` is defined multiple times
  140 | }
  141 |
> 142 | const SOCIAL_LINKS = [
      |       ^^^^^^^^^^^^
  143 |   { icon: WhatsAppIcon, href: SOCIAL_URLS.whatsapp, label: "WhatsApp" },
  144 |   { icon: InstagramIcon, href: SOCIAL_URLS.instagram, label: "Instagram" },
  145 |   { icon: TelegramIcon, href: SOCIAL_URLS.telegram, label: "Telegram" },

Ecmascript file had an error

Import trace:
  Server Component:
    ./src/components/SiteHeader.tsx
    ./src/app/[locale]/page.tsx @ http://localhost:3000/_next/static/chunks/node_modules_next_dist_115brz8._.js:3272
[ 2023772ms] [ERROR] ./src/components/SiteHeader.tsx:142:7
the name `SOCIAL_LINKS` is defined multiple times
  140 | }
  141 |
> 142 | const SOCIAL_LINKS = [
      |       ^^^^^^^^^^^^
  143 |   { icon: WhatsAppIcon, href: SOCIAL_URLS.whatsapp, label: "WhatsApp" },
  144 |   { icon: InstagramIcon, href: SOCIAL_URLS.instagram, label: "Instagram" },
  145 |   { icon: TelegramIcon, href: SOCIAL_URLS.telegram, label: "Telegram" },

Ecmascript file had an error

Import trace:
  Server Component:
    ./src/components/SiteHeader.tsx
    ./src/app/[locale]/page.tsx @ http://localhost:3000/_next/static/chunks/node_modules_next_dist_115brz8._.js:3272
[ 2023833ms] [ERROR] ./src/components/SiteHeader.tsx:142:7
the name `SOCIAL_LINKS` is defined multiple times
  140 | }
  141 |
> 142 | const SOCIAL_LINKS = [
      |       ^^^^^^^^^^^^
  143 |   { icon: WhatsAppIcon, href: SOCIAL_URLS.whatsapp, label: "WhatsApp" },
  144 |   { icon: InstagramIcon, href: SOCIAL_URLS.instagram, label: "Instagram" },
  145 |   { icon: TelegramIcon, href: SOCIAL_URLS.telegram, label: "Telegram" },

Ecmascript file had an error

Import trace:
  Server Component:
    ./src/components/SiteHeader.tsx
    ./src/app/[locale]/page.tsx @ http://localhost:3000/_next/static/chunks/node_modules_next_dist_115brz8._.js:3272
[ 2023894ms] [ERROR] ./src/components/SiteHeader.tsx:142:7
the name `SOCIAL_LINKS` is defined multiple times
  140 | }
  141 |
> 142 | const SOCIAL_LINKS = [
      |       ^^^^^^^^^^^^
  143 |   { icon: WhatsAppIcon, href: SOCIAL_URLS.whatsapp, label: "WhatsApp" },
  144 |   { icon: InstagramIcon, href: SOCIAL_URLS.instagram, label: "Instagram" },
  145 |   { icon: TelegramIcon, href: SOCIAL_URLS.telegram, label: "Telegram" },

Ecmascript file had an error

Import trace:
  Server Component:
    ./src/components/SiteHeader.tsx
    ./src/app/[locale]/page.tsx @ http://localhost:3000/_next/static/chunks/node_modules_next_dist_115brz8._.js:3272
[ 2023956ms] [ERROR] ./src/components/SiteHeader.tsx:142:7
the name `SOCIAL_LINKS` is defined multiple times
  140 | }
  141 |
> 142 | const SOCIAL_LINKS = [
      |       ^^^^^^^^^^^^
  143 |   { icon: WhatsAppIcon, href: SOCIAL_URLS.whatsapp, label: "WhatsApp" },
  144 |   { icon: InstagramIcon, href: SOCIAL_URLS.instagram, label: "Instagram" },
  145 |   { icon: TelegramIcon, href: SOCIAL_URLS.telegram, label: "Telegram" },

Ecmascript file had an error

Import trace:
  Server Component:
    ./src/components/SiteHeader.tsx
    ./src/app/[locale]/page.tsx @ http://localhost:3000/_next/static/chunks/node_modules_next_dist_115brz8._.js:3272
[ 2024018ms] [ERROR] ./src/components/SiteHeader.tsx:142:7
the name `SOCIAL_LINKS` is defined multiple times
  140 | }
  141 |
> 142 | const SOCIAL_LINKS = [
      |       ^^^^^^^^^^^^
  143 |   { icon: WhatsAppIcon, href: SOCIAL_URLS.whatsapp, label: "WhatsApp" },
  144 |   { icon: InstagramIcon, href: SOCIAL_URLS.instagram, label: "Instagram" },
  145 |   { icon: TelegramIcon, href: SOCIAL_URLS.telegram, label: "Telegram" },

Ecmascript file had an error

Import trace:
  Server Component:
    ./src/components/SiteHeader.tsx
    ./src/app/[locale]/page.tsx @ http://localhost:3000/_next/static/chunks/node_modules_next_dist_115brz8._.js:3272
[ 2024080ms] [ERROR] ./src/components/SiteHeader.tsx:142:7
the name `SOCIAL_LINKS` is defined multiple times
  140 | }
  141 |
> 142 | const SOCIAL_LINKS = [
      |       ^^^^^^^^^^^^
  143 |   { icon: WhatsAppIcon, href: SOCIAL_URLS.whatsapp, label: "WhatsApp" },
  144 |   { icon: InstagramIcon, href: SOCIAL_URLS.instagram, label: "Instagram" },
  145 |   { icon: TelegramIcon, href: SOCIAL_URLS.telegram, label: "Telegram" },

Ecmascript file had an error

Import trace:
  Server Component:
    ./src/components/SiteHeader.tsx
    ./src/app/[locale]/page.tsx @ http://localhost:3000/_next/static/chunks/node_modules_next_dist_115brz8._.js:3272
[ 2024140ms] [ERROR] ./src/components/SiteHeader.tsx:142:7
the name `SOCIAL_LINKS` is defined multiple times
  140 | }
  141 |
> 142 | const SOCIAL_LINKS = [
      |       ^^^^^^^^^^^^
  143 |   { icon: WhatsAppIcon, href: SOCIAL_URLS.whatsapp, label: "WhatsApp" },
  144 |   { icon: InstagramIcon, href: SOCIAL_URLS.instagram, label: "Instagram" },
  145 |   { icon: TelegramIcon, href: SOCIAL_URLS.telegram, label: "Telegram" },

Ecmascript file had an error

Import trace:
  Server Component:
    ./src/components/SiteHeader.tsx
    ./src/app/[locale]/page.tsx @ http://localhost:3000/_next/static/chunks/node_modules_next_dist_115brz8._.js:3272
[ 2024203ms] [ERROR] ./src/components/SiteHeader.tsx:142:7
the name `SOCIAL_LINKS` is defined multiple times
  140 | }
  141 |
> 142 | const SOCIAL_LINKS = [
      |       ^^^^^^^^^^^^
  143 |   { icon: WhatsAppIcon, href: SOCIAL_URLS.whatsapp, label: "WhatsApp" },
  144 |   { icon: InstagramIcon, href: SOCIAL_URLS.instagram, label: "Instagram" },
  145 |   { icon: TelegramIcon, href: SOCIAL_URLS.telegram, label: "Telegram" },

Ecmascript file had an error

Import trace:
  Server Component:
    ./src/components/SiteHeader.tsx
    ./src/app/[locale]/page.tsx @ http://localhost:3000/_next/static/chunks/node_modules_next_dist_115brz8._.js:3272
[ 2024264ms] [ERROR] ./src/components/SiteHeader.tsx:142:7
the name `SOCIAL_LINKS` is defined multiple times
  140 | }
  141 |
> 142 | const SOCIAL_LINKS = [
      |       ^^^^^^^^^^^^
  143 |   { icon: WhatsAppIcon, href: SOCIAL_URLS.whatsapp, label: "WhatsApp" },
  144 |   { icon: InstagramIcon, href: SOCIAL_URLS.instagram, label: "Instagram" },
  145 |   { icon: TelegramIcon, href: SOCIAL_URLS.telegram, label: "Telegram" },

Ecmascript file had an error

Import trace:
  Server Component:
    ./src/components/SiteHeader.tsx
    ./src/app/[locale]/page.tsx @ http://localhost:3000/_next/static/chunks/node_modules_next_dist_115brz8._.js:3272
[ 2024325ms] [ERROR] ./src/components/SiteHeader.tsx:142:7
the name `SOCIAL_LINKS` is defined multiple times
  140 | }
  141 |
> 142 | const SOCIAL_LINKS = [
      |       ^^^^^^^^^^^^
  143 |   { icon: WhatsAppIcon, href: SOCIAL_URLS.whatsapp, label: "WhatsApp" },
  144 |   { icon: InstagramIcon, href: SOCIAL_URLS.instagram, label: "Instagram" },
  145 |   { icon: TelegramIcon, href: SOCIAL_URLS.telegram, label: "Telegram" },

Ecmascript file had an error

Import trace:
  Server Component:
    ./src/components/SiteHeader.tsx
    ./src/app/[locale]/page.tsx @ http://localhost:3000/_next/static/chunks/node_modules_next_dist_115brz8._.js:3272
[ 2024386ms] [ERROR] ./src/components/SiteHeader.tsx:142:7
the name `SOCIAL_LINKS` is defined multiple times
  140 | }
  141 |
> 142 | const SOCIAL_LINKS = [
      |       ^^^^^^^^^^^^
  143 |   { icon: WhatsAppIcon, href: SOCIAL_URLS.whatsapp, label: "WhatsApp" },
  144 |   { icon: InstagramIcon, href: SOCIAL_URLS.instagram, label: "Instagram" },
  145 |   { icon: TelegramIcon, href: SOCIAL_URLS.telegram, label: "Telegram" },

Ecmascript file had an error

Import trace:
  Server Component:
    ./src/components/SiteHeader.tsx
    ./src/app/[locale]/page.tsx @ http://localhost:3000/_next/static/chunks/node_modules_next_dist_115brz8._.js:3272
[ 2024447ms] [ERROR] ./src/components/SiteHeader.tsx:142:7
the name `SOCIAL_LINKS` is defined multiple times
  140 | }
  141 |
> 142 | const SOCIAL_LINKS = [
      |       ^^^^^^^^^^^^
  143 |   { icon: WhatsAppIcon, href: SOCIAL_URLS.whatsapp, label: "WhatsApp" },
  144 |   { icon: InstagramIcon, href: SOCIAL_URLS.instagram, label: "Instagram" },
  145 |   { icon: TelegramIcon, href: SOCIAL_URLS.telegram, label: "Telegram" },

Ecmascript file had an error

Import trace:
  Server Component:
    ./src/components/SiteHeader.tsx
    ./src/app/[locale]/page.tsx @ http://localhost:3000/_next/static/chunks/node_modules_next_dist_115brz8._.js:3272
[ 2024509ms] [ERROR] ./src/components/SiteHeader.tsx:142:7
the name `SOCIAL_LINKS` is defined multiple times
  140 | }
  141 |
> 142 | const SOCIAL_LINKS = [
      |       ^^^^^^^^^^^^
  143 |   { icon: WhatsAppIcon, href: SOCIAL_URLS.whatsapp, label: "WhatsApp" },
  144 |   { icon: InstagramIcon, href: SOCIAL_URLS.instagram, label: "Instagram" },
  145 |   { icon: TelegramIcon, href: SOCIAL_URLS.telegram, label: "Telegram" },

Ecmascript file had an error

Import trace:
  Server Component:
    ./src/components/SiteHeader.tsx
    ./src/app/[locale]/page.tsx @ http://localhost:3000/_next/static/chunks/node_modules_next_dist_115brz8._.js:3272
[ 2024570ms] [ERROR] ./src/components/SiteHeader.tsx:142:7
the name `SOCIAL_LINKS` is defined multiple times
  140 | }
  141 |
> 142 | const SOCIAL_LINKS = [
      |       ^^^^^^^^^^^^
  143 |   { icon: WhatsAppIcon, href: SOCIAL_URLS.whatsapp, label: "WhatsApp" },
  144 |   { icon: InstagramIcon, href: SOCIAL_URLS.instagram, label: "Instagram" },
  145 |   { icon: TelegramIcon, href: SOCIAL_URLS.telegram, label: "Telegram" },

Ecmascript file had an error

Import trace:
  Server Component:
    ./src/components/SiteHeader.tsx
    ./src/app/[locale]/page.tsx @ http://localhost:3000/_next/static/chunks/node_modules_next_dist_115brz8._.js:3272
[ 2024630ms] [ERROR] ./src/components/SiteHeader.tsx:142:7
the name `SOCIAL_LINKS` is defined multiple times
  140 | }
  141 |
> 142 | const SOCIAL_LINKS = [
      |       ^^^^^^^^^^^^
  143 |   { icon: WhatsAppIcon, href: SOCIAL_URLS.whatsapp, label: "WhatsApp" },
  144 |   { icon: InstagramIcon, href: SOCIAL_URLS.instagram, label: "Instagram" },
  145 |   { icon: TelegramIcon, href: SOCIAL_URLS.telegram, label: "Telegram" },

Ecmascript file had an error

Import trace:
  Server Component:
    ./src/components/SiteHeader.tsx
    ./src/app/[locale]/page.tsx @ http://localhost:3000/_next/static/chunks/node_modules_next_dist_115brz8._.js:3272
[ 2024691ms] [ERROR] ./src/components/SiteHeader.tsx:142:7
the name `SOCIAL_LINKS` is defined multiple times
  140 | }
  141 |
> 142 | const SOCIAL_LINKS = [
      |       ^^^^^^^^^^^^
  143 |   { icon: WhatsAppIcon, href: SOCIAL_URLS.whatsapp, label: "WhatsApp" },
  144 |   { icon: InstagramIcon, href: SOCIAL_URLS.instagram, label: "Instagram" },
  145 |   { icon: TelegramIcon, href: SOCIAL_URLS.telegram, label: "Telegram" },

Ecmascript file had an error

Import trace:
  Server Component:
    ./src/components/SiteHeader.tsx
    ./src/app/[locale]/page.tsx @ http://localhost:3000/_next/static/chunks/node_modules_next_dist_115brz8._.js:3272
[ 2024752ms] [ERROR] ./src/components/SiteHeader.tsx:142:7
the name `SOCIAL_LINKS` is defined multiple times
  140 | }
  141 |
> 142 | const SOCIAL_LINKS = [
      |       ^^^^^^^^^^^^
  143 |   { icon: WhatsAppIcon, href: SOCIAL_URLS.whatsapp, label: "WhatsApp" },
  144 |   { icon: InstagramIcon, href: SOCIAL_URLS.instagram, label: "Instagram" },
  145 |   { icon: TelegramIcon, href: SOCIAL_URLS.telegram, label: "Telegram" },

Ecmascript file had an error

Import trace:
  Server Component:
    ./src/components/SiteHeader.tsx
    ./src/app/[locale]/page.tsx @ http://localhost:3000/_next/static/chunks/node_modules_next_dist_115brz8._.js:3272
[ 2024813ms] [ERROR] ./src/components/SiteHeader.tsx:142:7
the name `SOCIAL_LINKS` is defined multiple times
  140 | }
  141 |
> 142 | const SOCIAL_LINKS = [
      |       ^^^^^^^^^^^^
  143 |   { icon: WhatsAppIcon, href: SOCIAL_URLS.whatsapp, label: "WhatsApp" },
  144 |   { icon: InstagramIcon, href: SOCIAL_URLS.instagram, label: "Instagram" },
  145 |   { icon: TelegramIcon, href: SOCIAL_URLS.telegram, label: "Telegram" },

Ecmascript file had an error

Import trace:
  Server Component:
    ./src/components/SiteHeader.tsx
    ./src/app/[locale]/page.tsx @ http://localhost:3000/_next/static/chunks/node_modules_next_dist_115brz8._.js:3272
[ 2024875ms] [ERROR] ./src/components/SiteHeader.tsx:142:7
the name `SOCIAL_LINKS` is defined multiple times
  140 | }
  141 |
> 142 | const SOCIAL_LINKS = [
      |       ^^^^^^^^^^^^
  143 |   { icon: WhatsAppIcon, href: SOCIAL_URLS.whatsapp, label: "WhatsApp" },
  144 |   { icon: InstagramIcon, href: SOCIAL_URLS.instagram, label: "Instagram" },
  145 |   { icon: TelegramIcon, href: SOCIAL_URLS.telegram, label: "Telegram" },

Ecmascript file had an error

Import trace:
  Server Component:
    ./src/components/SiteHeader.tsx
    ./src/app/[locale]/page.tsx @ http://localhost:3000/_next/static/chunks/node_modules_next_dist_115brz8._.js:3272
[ 2024935ms] [ERROR] ./src/components/SiteHeader.tsx:142:7
the name `SOCIAL_LINKS` is defined multiple times
  140 | }
  141 |
> 142 | const SOCIAL_LINKS = [
      |       ^^^^^^^^^^^^
  143 |   { icon: WhatsAppIcon, href: SOCIAL_URLS.whatsapp, label: "WhatsApp" },
  144 |   { icon: InstagramIcon, href: SOCIAL_URLS.instagram, label: "Instagram" },
  145 |   { icon: TelegramIcon, href: SOCIAL_URLS.telegram, label: "Telegram" },

Ecmascript file had an error

Import trace:
  Server Component:
    ./src/components/SiteHeader.tsx
    ./src/app/[locale]/page.tsx @ http://localhost:3000/_next/static/chunks/node_modules_next_dist_115brz8._.js:3272
[ 2024996ms] [ERROR] ./src/components/SiteHeader.tsx:142:7
the name `SOCIAL_LINKS` is defined multiple times
  140 | }
  141 |
> 142 | const SOCIAL_LINKS = [
      |       ^^^^^^^^^^^^
  143 |   { icon: WhatsAppIcon, href: SOCIAL_URLS.whatsapp, label: "WhatsApp" },
  144 |   { icon: InstagramIcon, href: SOCIAL_URLS.instagram, label: "Instagram" },
  145 |   { icon: TelegramIcon, href: SOCIAL_URLS.telegram, label: "Telegram" },

Ecmascript file had an error

Import trace:
  Server Component:
    ./src/components/SiteHeader.tsx
    ./src/app/[locale]/page.tsx @ http://localhost:3000/_next/static/chunks/node_modules_next_dist_115brz8._.js:3272
[ 2025058ms] [ERROR] ./src/components/SiteHeader.tsx:142:7
the name `SOCIAL_LINKS` is defined multiple times
  140 | }
  141 |
> 142 | const SOCIAL_LINKS = [
      |       ^^^^^^^^^^^^
  143 |   { icon: WhatsAppIcon, href: SOCIAL_URLS.whatsapp, label: "WhatsApp" },
  144 |   { icon: InstagramIcon, href: SOCIAL_URLS.instagram, label: "Instagram" },
  145 |   { icon: TelegramIcon, href: SOCIAL_URLS.telegram, label: "Telegram" },

Ecmascript file had an error

Import trace:
  Server Component:
    ./src/components/SiteHeader.tsx
    ./src/app/[locale]/page.tsx @ http://localhost:3000/_next/static/chunks/node_modules_next_dist_115brz8._.js:3272
[ 2025118ms] [ERROR] ./src/components/SiteHeader.tsx:142:7
the name `SOCIAL_LINKS` is defined multiple times
  140 | }
  141 |
> 142 | const SOCIAL_LINKS = [
      |       ^^^^^^^^^^^^
  143 |   { icon: WhatsAppIcon, href: SOCIAL_URLS.whatsapp, label: "WhatsApp" },
  144 |   { icon: InstagramIcon, href: SOCIAL_URLS.instagram, label: "Instagram" },
  145 |   { icon: TelegramIcon, href: SOCIAL_URLS.telegram, label: "Telegram" },

Ecmascript file had an error

Import trace:
  Server Component:
    ./src/components/SiteHeader.tsx
    ./src/app/[locale]/page.tsx @ http://localhost:3000/_next/static/chunks/node_modules_next_dist_115brz8._.js:3272
[ 2025179ms] [ERROR] ./src/components/SiteHeader.tsx:142:7
the name `SOCIAL_LINKS` is defined multiple times
  140 | }
  141 |
> 142 | const SOCIAL_LINKS = [
      |       ^^^^^^^^^^^^
  143 |   { icon: WhatsAppIcon, href: SOCIAL_URLS.whatsapp, label: "WhatsApp" },
  144 |   { icon: InstagramIcon, href: SOCIAL_URLS.instagram, label: "Instagram" },
  145 |   { icon: TelegramIcon, href: SOCIAL_URLS.telegram, label: "Telegram" },

Ecmascript file had an error

Import trace:
  Server Component:
    ./src/components/SiteHeader.tsx
    ./src/app/[locale]/page.tsx @ http://localhost:3000/_next/static/chunks/node_modules_next_dist_115brz8._.js:3272
[ 2025239ms] [ERROR] ./src/components/SiteHeader.tsx:142:7
the name `SOCIAL_LINKS` is defined multiple times
  140 | }
  141 |
> 142 | const SOCIAL_LINKS = [
      |       ^^^^^^^^^^^^
  143 |   { icon: WhatsAppIcon, href: SOCIAL_URLS.whatsapp, label: "WhatsApp" },
  144 |   { icon: InstagramIcon, href: SOCIAL_URLS.instagram, label: "Instagram" },
  145 |   { icon: TelegramIcon, href: SOCIAL_URLS.telegram, label: "Telegram" },

Ecmascript file had an error

Import trace:
  Server Component:
    ./src/components/SiteHeader.tsx
    ./src/app/[locale]/page.tsx @ http://localhost:3000/_next/static/chunks/node_modules_next_dist_115brz8._.js:3272
[ 2025301ms] [ERROR] ./src/components/SiteHeader.tsx:142:7
the name `SOCIAL_LINKS` is defined multiple times
  140 | }
  141 |
> 142 | const SOCIAL_LINKS = [
      |       ^^^^^^^^^^^^
  143 |   { icon: WhatsAppIcon, href: SOCIAL_URLS.whatsapp, label: "WhatsApp" },
  144 |   { icon: InstagramIcon, href: SOCIAL_URLS.instagram, label: "Instagram" },
  145 |   { icon: TelegramIcon, href: SOCIAL_URLS.telegram, label: "Telegram" },

Ecmascript file had an error

Import trace:
  Server Component:
    ./src/components/SiteHeader.tsx
    ./src/app/[locale]/page.tsx @ http://localhost:3000/_next/static/chunks/node_modules_next_dist_115brz8._.js:3272
[ 2025362ms] [ERROR] ./src/components/SiteHeader.tsx:142:7
the name `SOCIAL_LINKS` is defined multiple times
  140 | }
  141 |
> 142 | const SOCIAL_LINKS = [
      |       ^^^^^^^^^^^^
  143 |   { icon: WhatsAppIcon, href: SOCIAL_URLS.whatsapp, label: "WhatsApp" },
  144 |   { icon: InstagramIcon, href: SOCIAL_URLS.instagram, label: "Instagram" },
  145 |   { icon: TelegramIcon, href: SOCIAL_URLS.telegram, label: "Telegram" },

Ecmascript file had an error

Import trace:
  Server Component:
    ./src/components/SiteHeader.tsx
    ./src/app/[locale]/page.tsx @ http://localhost:3000/_next/static/chunks/node_modules_next_dist_115brz8._.js:3272
[ 2025421ms] [ERROR] ./src/components/SiteHeader.tsx:142:7
the name `SOCIAL_LINKS` is defined multiple times
  140 | }
  141 |
> 142 | const SOCIAL_LINKS = [
      |       ^^^^^^^^^^^^
  143 |   { icon: WhatsAppIcon, href: SOCIAL_URLS.whatsapp, label: "WhatsApp" },
  144 |   { icon: InstagramIcon, href: SOCIAL_URLS.instagram, label: "Instagram" },
  145 |   { icon: TelegramIcon, href: SOCIAL_URLS.telegram, label: "Telegram" },

Ecmascript file had an error

Import trace:
  Server Component:
    ./src/components/SiteHeader.tsx
    ./src/app/[locale]/page.tsx @ http://localhost:3000/_next/static/chunks/node_modules_next_dist_115brz8._.js:3272
[ 2025484ms] [ERROR] ./src/components/SiteHeader.tsx:142:7
the name `SOCIAL_LINKS` is defined multiple times
  140 | }
  141 |
> 142 | const SOCIAL_LINKS = [
      |       ^^^^^^^^^^^^
  143 |   { icon: WhatsAppIcon, href: SOCIAL_URLS.whatsapp, label: "WhatsApp" },
  144 |   { icon: InstagramIcon, href: SOCIAL_URLS.instagram, label: "Instagram" },
  145 |   { icon: TelegramIcon, href: SOCIAL_URLS.telegram, label: "Telegram" },

Ecmascript file had an error

Import trace:
  Server Component:
    ./src/components/SiteHeader.tsx
    ./src/app/[locale]/page.tsx @ http://localhost:3000/_next/static/chunks/node_modules_next_dist_115brz8._.js:3272
[ 2025544ms] [ERROR] ./src/components/SiteHeader.tsx:142:7
the name `SOCIAL_LINKS` is defined multiple times
  140 | }
  141 |
> 142 | const SOCIAL_LINKS = [
      |       ^^^^^^^^^^^^
  143 |   { icon: WhatsAppIcon, href: SOCIAL_URLS.whatsapp, label: "WhatsApp" },
  144 |   { icon: InstagramIcon, href: SOCIAL_URLS.instagram, label: "Instagram" },
  145 |   { icon: TelegramIcon, href: SOCIAL_URLS.telegram, label: "Telegram" },

Ecmascript file had an error

Import trace:
  Server Component:
    ./src/components/SiteHeader.tsx
    ./src/app/[locale]/page.tsx @ http://localhost:3000/_next/static/chunks/node_modules_next_dist_115brz8._.js:3272
[ 2025605ms] [ERROR] ./src/components/SiteHeader.tsx:142:7
the name `SOCIAL_LINKS` is defined multiple times
  140 | }
  141 |
> 142 | const SOCIAL_LINKS = [
      |       ^^^^^^^^^^^^
  143 |   { icon: WhatsAppIcon, href: SOCIAL_URLS.whatsapp, label: "WhatsApp" },
  144 |   { icon: InstagramIcon, href: SOCIAL_URLS.instagram, label: "Instagram" },
  145 |   { icon: TelegramIcon, href: SOCIAL_URLS.telegram, label: "Telegram" },

Ecmascript file had an error

Import trace:
  Server Component:
    ./src/components/SiteHeader.tsx
    ./src/app/[locale]/page.tsx @ http://localhost:3000/_next/static/chunks/node_modules_next_dist_115brz8._.js:3272
[ 2025666ms] [ERROR] ./src/components/SiteHeader.tsx:142:7
the name `SOCIAL_LINKS` is defined multiple times
  140 | }
  141 |
> 142 | const SOCIAL_LINKS = [
      |       ^^^^^^^^^^^^
  143 |   { icon: WhatsAppIcon, href: SOCIAL_URLS.whatsapp, label: "WhatsApp" },
  144 |   { icon: InstagramIcon, href: SOCIAL_URLS.instagram, label: "Instagram" },
  145 |   { icon: TelegramIcon, href: SOCIAL_URLS.telegram, label: "Telegram" },

Ecmascript file had an error

Import trace:
  Server Component:
    ./src/components/SiteHeader.tsx
    ./src/app/[locale]/page.tsx @ http://localhost:3000/_next/static/chunks/node_modules_next_dist_115brz8._.js:3272
[ 2025727ms] [ERROR] ./src/components/SiteHeader.tsx:142:7
the name `SOCIAL_LINKS` is defined multiple times
  140 | }
  141 |
> 142 | const SOCIAL_LINKS = [
      |       ^^^^^^^^^^^^
  143 |   { icon: WhatsAppIcon, href: SOCIAL_URLS.whatsapp, label: "WhatsApp" },
  144 |   { icon: InstagramIcon, href: SOCIAL_URLS.instagram, label: "Instagram" },
  145 |   { icon: TelegramIcon, href: SOCIAL_URLS.telegram, label: "Telegram" },

Ecmascript file had an error

Import trace:
  Server Component:
    ./src/components/SiteHeader.tsx
    ./src/app/[locale]/page.tsx @ http://localhost:3000/_next/static/chunks/node_modules_next_dist_115brz8._.js:3272
[ 2025787ms] [ERROR] ./src/components/SiteHeader.tsx:142:7
the name `SOCIAL_LINKS` is defined multiple times
  140 | }
  141 |
> 142 | const SOCIAL_LINKS = [
      |       ^^^^^^^^^^^^
  143 |   { icon: WhatsAppIcon, href: SOCIAL_URLS.whatsapp, label: "WhatsApp" },
  144 |   { icon: InstagramIcon, href: SOCIAL_URLS.instagram, label: "Instagram" },
  145 |   { icon: TelegramIcon, href: SOCIAL_URLS.telegram, label: "Telegram" },

Ecmascript file had an error

Import trace:
  Server Component:
    ./src/components/SiteHeader.tsx
    ./src/app/[locale]/page.tsx @ http://localhost:3000/_next/static/chunks/node_modules_next_dist_115brz8._.js:3272
[ 2025849ms] [ERROR] ./src/components/SiteHeader.tsx:142:7
the name `SOCIAL_LINKS` is defined multiple times
  140 | }
  141 |
> 142 | const SOCIAL_LINKS = [
      |       ^^^^^^^^^^^^
  143 |   { icon: WhatsAppIcon, href: SOCIAL_URLS.whatsapp, label: "WhatsApp" },
  144 |   { icon: InstagramIcon, href: SOCIAL_URLS.instagram, label: "Instagram" },
  145 |   { icon: TelegramIcon, href: SOCIAL_URLS.telegram, label: "Telegram" },

Ecmascript file had an error

Import trace:
  Server Component:
    ./src/components/SiteHeader.tsx
    ./src/app/[locale]/page.tsx @ http://localhost:3000/_next/static/chunks/node_modules_next_dist_115brz8._.js:3272
[ 2025910ms] [ERROR] ./src/components/SiteHeader.tsx:142:7
the name `SOCIAL_LINKS` is defined multiple times
  140 | }
  141 |
> 142 | const SOCIAL_LINKS = [
      |       ^^^^^^^^^^^^
  143 |   { icon: WhatsAppIcon, href: SOCIAL_URLS.whatsapp, label: "WhatsApp" },
  144 |   { icon: InstagramIcon, href: SOCIAL_URLS.instagram, label: "Instagram" },
  145 |   { icon: TelegramIcon, href: SOCIAL_URLS.telegram, label: "Telegram" },

Ecmascript file had an error

Import trace:
  Server Component:
    ./src/components/SiteHeader.tsx
    ./src/app/[locale]/page.tsx @ http://localhost:3000/_next/static/chunks/node_modules_next_dist_115brz8._.js:3272
[ 2025970ms] [ERROR] ./src/components/SiteHeader.tsx:142:7
the name `SOCIAL_LINKS` is defined multiple times
  140 | }
  141 |
> 142 | const SOCIAL_LINKS = [
      |       ^^^^^^^^^^^^
  143 |   { icon: WhatsAppIcon, href: SOCIAL_URLS.whatsapp, label: "WhatsApp" },
  144 |   { icon: InstagramIcon, href: SOCIAL_URLS.instagram, label: "Instagram" },
  145 |   { icon: TelegramIcon, href: SOCIAL_URLS.telegram, label: "Telegram" },

Ecmascript file had an error

Import trace:
  Server Component:
    ./src/components/SiteHeader.tsx
    ./src/app/[locale]/page.tsx @ http://localhost:3000/_next/static/chunks/node_modules_next_dist_115brz8._.js:3272
[ 2026032ms] [ERROR] ./src/components/SiteHeader.tsx:142:7
the name `SOCIAL_LINKS` is defined multiple times
  140 | }
  141 |
> 142 | const SOCIAL_LINKS = [
      |       ^^^^^^^^^^^^
  143 |   { icon: WhatsAppIcon, href: SOCIAL_URLS.whatsapp, label: "WhatsApp" },
  144 |   { icon: InstagramIcon, href: SOCIAL_URLS.instagram, label: "Instagram" },
  145 |   { icon: TelegramIcon, href: SOCIAL_URLS.telegram, label: "Telegram" },

Ecmascript file had an error

Import trace:
  Server Component:
    ./src/components/SiteHeader.tsx
    ./src/app/[locale]/page.tsx @ http://localhost:3000/_next/static/chunks/node_modules_next_dist_115brz8._.js:3272
[ 2026094ms] [ERROR] ./src/components/SiteHeader.tsx:142:7
the name `SOCIAL_LINKS` is defined multiple times
  140 | }
  141 |
> 142 | const SOCIAL_LINKS = [
      |       ^^^^^^^^^^^^
  143 |   { icon: WhatsAppIcon, href: SOCIAL_URLS.whatsapp, label: "WhatsApp" },
  144 |   { icon: InstagramIcon, href: SOCIAL_URLS.instagram, label: "Instagram" },
  145 |   { icon: TelegramIcon, href: SOCIAL_URLS.telegram, label: "Telegram" },

Ecmascript file had an error

Import trace:
  Server Component:
    ./src/components/SiteHeader.tsx
    ./src/app/[locale]/page.tsx @ http://localhost:3000/_next/static/chunks/node_modules_next_dist_115brz8._.js:3272
[ 2026154ms] [ERROR] ./src/components/SiteHeader.tsx:142:7
the name `SOCIAL_LINKS` is defined multiple times
  140 | }
  141 |
> 142 | const SOCIAL_LINKS = [
      |       ^^^^^^^^^^^^
  143 |   { icon: WhatsAppIcon, href: SOCIAL_URLS.whatsapp, label: "WhatsApp" },
  144 |   { icon: InstagramIcon, href: SOCIAL_URLS.instagram, label: "Instagram" },
  145 |   { icon: TelegramIcon, href: SOCIAL_URLS.telegram, label: "Telegram" },

Ecmascript file had an error

Import trace:
  Server Component:
    ./src/components/SiteHeader.tsx
    ./src/app/[locale]/page.tsx @ http://localhost:3000/_next/static/chunks/node_modules_next_dist_115brz8._.js:3272
[ 2026214ms] [ERROR] ./src/components/SiteHeader.tsx:142:7
the name `SOCIAL_LINKS` is defined multiple times
  140 | }
  141 |
> 142 | const SOCIAL_LINKS = [
      |       ^^^^^^^^^^^^
  143 |   { icon: WhatsAppIcon, href: SOCIAL_URLS.whatsapp, label: "WhatsApp" },
  144 |   { icon: InstagramIcon, href: SOCIAL_URLS.instagram, label: "Instagram" },
  145 |   { icon: TelegramIcon, href: SOCIAL_URLS.telegram, label: "Telegram" },

Ecmascript file had an error

Import trace:
  Server Component:
    ./src/components/SiteHeader.tsx
    ./src/app/[locale]/page.tsx @ http://localhost:3000/_next/static/chunks/node_modules_next_dist_115brz8._.js:3272
[ 2026276ms] [ERROR] ./src/components/SiteHeader.tsx:142:7
the name `SOCIAL_LINKS` is defined multiple times
  140 | }
  141 |
> 142 | const SOCIAL_LINKS = [
      |       ^^^^^^^^^^^^
  143 |   { icon: WhatsAppIcon, href: SOCIAL_URLS.whatsapp, label: "WhatsApp" },
  144 |   { icon: InstagramIcon, href: SOCIAL_URLS.instagram, label: "Instagram" },
  145 |   { icon: TelegramIcon, href: SOCIAL_URLS.telegram, label: "Telegram" },

Ecmascript file had an error

Import trace:
  Server Component:
    ./src/components/SiteHeader.tsx
    ./src/app/[locale]/page.tsx @ http://localhost:3000/_next/static/chunks/node_modules_next_dist_115brz8._.js:3272
[ 2026336ms] [ERROR] ./src/components/SiteHeader.tsx:142:7
the name `SOCIAL_LINKS` is defined multiple times
  140 | }
  141 |
> 142 | const SOCIAL_LINKS = [
      |       ^^^^^^^^^^^^
  143 |   { icon: WhatsAppIcon, href: SOCIAL_URLS.whatsapp, label: "WhatsApp" },
  144 |   { icon: InstagramIcon, href: SOCIAL_URLS.instagram, label: "Instagram" },
  145 |   { icon: TelegramIcon, href: SOCIAL_URLS.telegram, label: "Telegram" },

Ecmascript file had an error

Import trace:
  Server Component:
    ./src/components/SiteHeader.tsx
    ./src/app/[locale]/page.tsx @ http://localhost:3000/_next/static/chunks/node_modules_next_dist_115brz8._.js:3272
[ 2026397ms] [ERROR] ./src/components/SiteHeader.tsx:142:7
the name `SOCIAL_LINKS` is defined multiple times
  140 | }
  141 |
> 142 | const SOCIAL_LINKS = [
      |       ^^^^^^^^^^^^
  143 |   { icon: WhatsAppIcon, href: SOCIAL_URLS.whatsapp, label: "WhatsApp" },
  144 |   { icon: InstagramIcon, href: SOCIAL_URLS.instagram, label: "Instagram" },
  145 |   { icon: TelegramIcon, href: SOCIAL_URLS.telegram, label: "Telegram" },

Ecmascript file had an error

Import trace:
  Server Component:
    ./src/components/SiteHeader.tsx
    ./src/app/[locale]/page.tsx @ http://localhost:3000/_next/static/chunks/node_modules_next_dist_115brz8._.js:3272
[ 2026458ms] [ERROR] ./src/components/SiteHeader.tsx:142:7
the name `SOCIAL_LINKS` is defined multiple times
  140 | }
  141 |
> 142 | const SOCIAL_LINKS = [
      |       ^^^^^^^^^^^^
  143 |   { icon: WhatsAppIcon, href: SOCIAL_URLS.whatsapp, label: "WhatsApp" },
  144 |   { icon: InstagramIcon, href: SOCIAL_URLS.instagram, label: "Instagram" },
  145 |   { icon: TelegramIcon, href: SOCIAL_URLS.telegram, label: "Telegram" },

Ecmascript file had an error

Import trace:
  Server Component:
    ./src/components/SiteHeader.tsx
    ./src/app/[locale]/page.tsx @ http://localhost:3000/_next/static/chunks/node_modules_next_dist_115brz8._.js:3272
[ 2026518ms] [ERROR] ./src/components/SiteHeader.tsx:142:7
the name `SOCIAL_LINKS` is defined multiple times
  140 | }
  141 |
> 142 | const SOCIAL_LINKS = [
      |       ^^^^^^^^^^^^
  143 |   { icon: WhatsAppIcon, href: SOCIAL_URLS.whatsapp, label: "WhatsApp" },
  144 |   { icon: InstagramIcon, href: SOCIAL_URLS.instagram, label: "Instagram" },
  145 |   { icon: TelegramIcon, href: SOCIAL_URLS.telegram, label: "Telegram" },

Ecmascript file had an error

Import trace:
  Server Component:
    ./src/components/SiteHeader.tsx
    ./src/app/[locale]/page.tsx @ http://localhost:3000/_next/static/chunks/node_modules_next_dist_115brz8._.js:3272
[ 2026580ms] [ERROR] ./src/components/SiteHeader.tsx:142:7
the name `SOCIAL_LINKS` is defined multiple times
  140 | }
  141 |
> 142 | const SOCIAL_LINKS = [
      |       ^^^^^^^^^^^^
  143 |   { icon: WhatsAppIcon, href: SOCIAL_URLS.whatsapp, label: "WhatsApp" },
  144 |   { icon: InstagramIcon, href: SOCIAL_URLS.instagram, label: "Instagram" },
  145 |   { icon: TelegramIcon, href: SOCIAL_URLS.telegram, label: "Telegram" },

Ecmascript file had an error

Import trace:
  Server Component:
    ./src/components/SiteHeader.tsx
    ./src/app/[locale]/page.tsx @ http://localhost:3000/_next/static/chunks/node_modules_next_dist_115brz8._.js:3272
[ 2026641ms] [ERROR] ./src/components/SiteHeader.tsx:142:7
the name `SOCIAL_LINKS` is defined multiple times
  140 | }
  141 |
> 142 | const SOCIAL_LINKS = [
      |       ^^^^^^^^^^^^
  143 |   { icon: WhatsAppIcon, href: SOCIAL_URLS.whatsapp, label: "WhatsApp" },
  144 |   { icon: InstagramIcon, href: SOCIAL_URLS.instagram, label: "Instagram" },
  145 |   { icon: TelegramIcon, href: SOCIAL_URLS.telegram, label: "Telegram" },

Ecmascript file had an error

Import trace:
  Server Component:
    ./src/components/SiteHeader.tsx
    ./src/app/[locale]/page.tsx @ http://localhost:3000/_next/static/chunks/node_modules_next_dist_115brz8._.js:3272
[ 2026701ms] [ERROR] ./src/components/SiteHeader.tsx:142:7
the name `SOCIAL_LINKS` is defined multiple times
  140 | }
  141 |
> 142 | const SOCIAL_LINKS = [
      |       ^^^^^^^^^^^^
  143 |   { icon: WhatsAppIcon, href: SOCIAL_URLS.whatsapp, label: "WhatsApp" },
  144 |   { icon: InstagramIcon, href: SOCIAL_URLS.instagram, label: "Instagram" },
  145 |   { icon: TelegramIcon, href: SOCIAL_URLS.telegram, label: "Telegram" },

Ecmascript file had an error

Import trace:
  Server Component:
    ./src/components/SiteHeader.tsx
    ./src/app/[locale]/page.tsx @ http://localhost:3000/_next/static/chunks/node_modules_next_dist_115brz8._.js:3272
[ 2026763ms] [ERROR] ./src/components/SiteHeader.tsx:142:7
the name `SOCIAL_LINKS` is defined multiple times
  140 | }
  141 |
> 142 | const SOCIAL_LINKS = [
      |       ^^^^^^^^^^^^
  143 |   { icon: WhatsAppIcon, href: SOCIAL_URLS.whatsapp, label: "WhatsApp" },
  144 |   { icon: InstagramIcon, href: SOCIAL_URLS.instagram, label: "Instagram" },
  145 |   { icon: TelegramIcon, href: SOCIAL_URLS.telegram, label: "Telegram" },

Ecmascript file had an error

Import trace:
  Server Component:
    ./src/components/SiteHeader.tsx
    ./src/app/[locale]/page.tsx @ http://localhost:3000/_next/static/chunks/node_modules_next_dist_115brz8._.js:3272
[ 2026823ms] [ERROR] ./src/components/SiteHeader.tsx:142:7
the name `SOCIAL_LINKS` is defined multiple times
  140 | }
  141 |
> 142 | const SOCIAL_LINKS = [
      |       ^^^^^^^^^^^^
  143 |   { icon: WhatsAppIcon, href: SOCIAL_URLS.whatsapp, label: "WhatsApp" },
  144 |   { icon: InstagramIcon, href: SOCIAL_URLS.instagram, label: "Instagram" },
  145 |   { icon: TelegramIcon, href: SOCIAL_URLS.telegram, label: "Telegram" },

Ecmascript file had an error

Import trace:
  Server Component:
    ./src/components/SiteHeader.tsx
    ./src/app/[locale]/page.tsx @ http://localhost:3000/_next/static/chunks/node_modules_next_dist_115brz8._.js:3272
[ 2026884ms] [ERROR] ./src/components/SiteHeader.tsx:142:7
the name `SOCIAL_LINKS` is defined multiple times
  140 | }
  141 |
> 142 | const SOCIAL_LINKS = [
      |       ^^^^^^^^^^^^
  143 |   { icon: WhatsAppIcon, href: SOCIAL_URLS.whatsapp, label: "WhatsApp" },
  144 |   { icon: InstagramIcon, href: SOCIAL_URLS.instagram, label: "Instagram" },
  145 |   { icon: TelegramIcon, href: SOCIAL_URLS.telegram, label: "Telegram" },

Ecmascript file had an error

Import trace:
  Server Component:
    ./src/components/SiteHeader.tsx
    ./src/app/[locale]/page.tsx @ http://localhost:3000/_next/static/chunks/node_modules_next_dist_115brz8._.js:3272
[ 2026945ms] [ERROR] ./src/components/SiteHeader.tsx:142:7
the name `SOCIAL_LINKS` is defined multiple times
  140 | }
  141 |
> 142 | const SOCIAL_LINKS = [
      |       ^^^^^^^^^^^^
  143 |   { icon: WhatsAppIcon, href: SOCIAL_URLS.whatsapp, label: "WhatsApp" },
  144 |   { icon: InstagramIcon, href: SOCIAL_URLS.instagram, label: "Instagram" },
  145 |   { icon: TelegramIcon, href: SOCIAL_URLS.telegram, label: "Telegram" },

Ecmascript file had an error

Import trace:
  Server Component:
    ./src/components/SiteHeader.tsx
    ./src/app/[locale]/page.tsx @ http://localhost:3000/_next/static/chunks/node_modules_next_dist_115brz8._.js:3272
[ 2027005ms] [ERROR] ./src/components/SiteHeader.tsx:142:7
the name `SOCIAL_LINKS` is defined multiple times
  140 | }
  141 |
> 142 | const SOCIAL_LINKS = [
      |       ^^^^^^^^^^^^
  143 |   { icon: WhatsAppIcon, href: SOCIAL_URLS.whatsapp, label: "WhatsApp" },
  144 |   { icon: InstagramIcon, href: SOCIAL_URLS.instagram, label: "Instagram" },
  145 |   { icon: TelegramIcon, href: SOCIAL_URLS.telegram, label: "Telegram" },

Ecmascript file had an error

Import trace:
  Server Component:
    ./src/components/SiteHeader.tsx
    ./src/app/[locale]/page.tsx @ http://localhost:3000/_next/static/chunks/node_modules_next_dist_115brz8._.js:3272
[ 2027065ms] [ERROR] ./src/components/SiteHeader.tsx:142:7
the name `SOCIAL_LINKS` is defined multiple times
  140 | }
  141 |
> 142 | const SOCIAL_LINKS = [
      |       ^^^^^^^^^^^^
  143 |   { icon: WhatsAppIcon, href: SOCIAL_URLS.whatsapp, label: "WhatsApp" },
  144 |   { icon: InstagramIcon, href: SOCIAL_URLS.instagram, label: "Instagram" },
  145 |   { icon: TelegramIcon, href: SOCIAL_URLS.telegram, label: "Telegram" },

Ecmascript file had an error

Import trace:
  Server Component:
    ./src/components/SiteHeader.tsx
    ./src/app/[locale]/page.tsx @ http://localhost:3000/_next/static/chunks/node_modules_next_dist_115brz8._.js:3272
[ 2027126ms] [ERROR] ./src/components/SiteHeader.tsx:142:7
the name `SOCIAL_LINKS` is defined multiple times
  140 | }
  141 |
> 142 | const SOCIAL_LINKS = [
      |       ^^^^^^^^^^^^
  143 |   { icon: WhatsAppIcon, href: SOCIAL_URLS.whatsapp, label: "WhatsApp" },
  144 |   { icon: InstagramIcon, href: SOCIAL_URLS.instagram, label: "Instagram" },
  145 |   { icon: TelegramIcon, href: SOCIAL_URLS.telegram, label: "Telegram" },

Ecmascript file had an error

Import trace:
  Server Component:
    ./src/components/SiteHeader.tsx
    ./src/app/[locale]/page.tsx @ http://localhost:3000/_next/static/chunks/node_modules_next_dist_115brz8._.js:3272
[ 2027186ms] [ERROR] ./src/components/SiteHeader.tsx:142:7
the name `SOCIAL_LINKS` is defined multiple times
  140 | }
  141 |
> 142 | const SOCIAL_LINKS = [
      |       ^^^^^^^^^^^^
  143 |   { icon: WhatsAppIcon, href: SOCIAL_URLS.whatsapp, label: "WhatsApp" },
  144 |   { icon: InstagramIcon, href: SOCIAL_URLS.instagram, label: "Instagram" },
  145 |   { icon: TelegramIcon, href: SOCIAL_URLS.telegram, label: "Telegram" },

Ecmascript file had an error

Import trace:
  Server Component:
    ./src/components/SiteHeader.tsx
    ./src/app/[locale]/page.tsx @ http://localhost:3000/_next/static/chunks/node_modules_next_dist_115brz8._.js:3272
[ 2027248ms] [ERROR] ./src/components/SiteHeader.tsx:142:7
the name `SOCIAL_LINKS` is defined multiple times
  140 | }
  141 |
> 142 | const SOCIAL_LINKS = [
      |       ^^^^^^^^^^^^
  143 |   { icon: WhatsAppIcon, href: SOCIAL_URLS.whatsapp, label: "WhatsApp" },
  144 |   { icon: InstagramIcon, href: SOCIAL_URLS.instagram, label: "Instagram" },
  145 |   { icon: TelegramIcon, href: SOCIAL_URLS.telegram, label: "Telegram" },

Ecmascript file had an error

Import trace:
  Server Component:
    ./src/components/SiteHeader.tsx
    ./src/app/[locale]/page.tsx @ http://localhost:3000/_next/static/chunks/node_modules_next_dist_115brz8._.js:3272
[ 2027309ms] [ERROR] ./src/components/SiteHeader.tsx:142:7
the name `SOCIAL_LINKS` is defined multiple times
  140 | }
  141 |
> 142 | const SOCIAL_LINKS = [
      |       ^^^^^^^^^^^^
  143 |   { icon: WhatsAppIcon, href: SOCIAL_URLS.whatsapp, label: "WhatsApp" },
  144 |   { icon: InstagramIcon, href: SOCIAL_URLS.instagram, label: "Instagram" },
  145 |   { icon: TelegramIcon, href: SOCIAL_URLS.telegram, label: "Telegram" },

Ecmascript file had an error

Import trace:
  Server Component:
    ./src/components/SiteHeader.tsx
    ./src/app/[locale]/page.tsx @ http://localhost:3000/_next/static/chunks/node_modules_next_dist_115brz8._.js:3272
[ 2027370ms] [ERROR] ./src/components/SiteHeader.tsx:142:7
the name `SOCIAL_LINKS` is defined multiple times
  140 | }
  141 |
> 142 | const SOCIAL_LINKS = [
      |       ^^^^^^^^^^^^
  143 |   { icon: WhatsAppIcon, href: SOCIAL_URLS.whatsapp, label: "WhatsApp" },
  144 |   { icon: InstagramIcon, href: SOCIAL_URLS.instagram, label: "Instagram" },
  145 |   { icon: TelegramIcon, href: SOCIAL_URLS.telegram, label: "Telegram" },

Ecmascript file had an error

Import trace:
  Server Component:
    ./src/components/SiteHeader.tsx
    ./src/app/[locale]/page.tsx @ http://localhost:3000/_next/static/chunks/node_modules_next_dist_115brz8._.js:3272
[ 2027430ms] [ERROR] ./src/components/SiteHeader.tsx:142:7
the name `SOCIAL_LINKS` is defined multiple times
  140 | }
  141 |
> 142 | const SOCIAL_LINKS = [
      |       ^^^^^^^^^^^^
  143 |   { icon: WhatsAppIcon, href: SOCIAL_URLS.whatsapp, label: "WhatsApp" },
  144 |   { icon: InstagramIcon, href: SOCIAL_URLS.instagram, label: "Instagram" },
  145 |   { icon: TelegramIcon, href: SOCIAL_URLS.telegram, label: "Telegram" },

Ecmascript file had an error

Import trace:
  Server Component:
    ./src/components/SiteHeader.tsx
    ./src/app/[locale]/page.tsx @ http://localhost:3000/_next/static/chunks/node_modules_next_dist_115brz8._.js:3272
[ 2027492ms] [ERROR] ./src/components/SiteHeader.tsx:142:7
the name `SOCIAL_LINKS` is defined multiple times
  140 | }
  141 |
> 142 | const SOCIAL_LINKS = [
      |       ^^^^^^^^^^^^
  143 |   { icon: WhatsAppIcon, href: SOCIAL_URLS.whatsapp, label: "WhatsApp" },
  144 |   { icon: InstagramIcon, href: SOCIAL_URLS.instagram, label: "Instagram" },
  145 |   { icon: TelegramIcon, href: SOCIAL_URLS.telegram, label: "Telegram" },

Ecmascript file had an error

Import trace:
  Server Component:
    ./src/components/SiteHeader.tsx
    ./src/app/[locale]/page.tsx @ http://localhost:3000/_next/static/chunks/node_modules_next_dist_115brz8._.js:3272
[ 2027552ms] [ERROR] ./src/components/SiteHeader.tsx:142:7
the name `SOCIAL_LINKS` is defined multiple times
  140 | }
  141 |
> 142 | const SOCIAL_LINKS = [
      |       ^^^^^^^^^^^^
  143 |   { icon: WhatsAppIcon, href: SOCIAL_URLS.whatsapp, label: "WhatsApp" },
  144 |   { icon: InstagramIcon, href: SOCIAL_URLS.instagram, label: "Instagram" },
  145 |   { icon: TelegramIcon, href: SOCIAL_URLS.telegram, label: "Telegram" },

Ecmascript file had an error

Import trace:
  Server Component:
    ./src/components/SiteHeader.tsx
    ./src/app/[locale]/page.tsx @ http://localhost:3000/_next/static/chunks/node_modules_next_dist_115brz8._.js:3272
[ 2027613ms] [ERROR] ./src/components/SiteHeader.tsx:142:7
the name `SOCIAL_LINKS` is defined multiple times
  140 | }
  141 |
> 142 | const SOCIAL_LINKS = [
      |       ^^^^^^^^^^^^
  143 |   { icon: WhatsAppIcon, href: SOCIAL_URLS.whatsapp, label: "WhatsApp" },
  144 |   { icon: InstagramIcon, href: SOCIAL_URLS.instagram, label: "Instagram" },
  145 |   { icon: TelegramIcon, href: SOCIAL_URLS.telegram, label: "Telegram" },

Ecmascript file had an error

Import trace:
  Server Component:
    ./src/components/SiteHeader.tsx
    ./src/app/[locale]/page.tsx @ http://localhost:3000/_next/static/chunks/node_modules_next_dist_115brz8._.js:3272
[ 2027674ms] [ERROR] ./src/components/SiteHeader.tsx:142:7
the name `SOCIAL_LINKS` is defined multiple times
  140 | }
  141 |
> 142 | const SOCIAL_LINKS = [
      |       ^^^^^^^^^^^^
  143 |   { icon: WhatsAppIcon, href: SOCIAL_URLS.whatsapp, label: "WhatsApp" },
  144 |   { icon: InstagramIcon, href: SOCIAL_URLS.instagram, label: "Instagram" },
  145 |   { icon: TelegramIcon, href: SOCIAL_URLS.telegram, label: "Telegram" },

Ecmascript file had an error

Import trace:
  Server Component:
    ./src/components/SiteHeader.tsx
    ./src/app/[locale]/page.tsx @ http://localhost:3000/_next/static/chunks/node_modules_next_dist_115brz8._.js:3272
[ 2027735ms] [ERROR] ./src/components/SiteHeader.tsx:142:7
the name `SOCIAL_LINKS` is defined multiple times
  140 | }
  141 |
> 142 | const SOCIAL_LINKS = [
      |       ^^^^^^^^^^^^
  143 |   { icon: WhatsAppIcon, href: SOCIAL_URLS.whatsapp, label: "WhatsApp" },
  144 |   { icon: InstagramIcon, href: SOCIAL_URLS.instagram, label: "Instagram" },
  145 |   { icon: TelegramIcon, href: SOCIAL_URLS.telegram, label: "Telegram" },

Ecmascript file had an error

Import trace:
  Server Component:
    ./src/components/SiteHeader.tsx
    ./src/app/[locale]/page.tsx @ http://localhost:3000/_next/static/chunks/node_modules_next_dist_115brz8._.js:3272
[ 2027796ms] [ERROR] ./src/components/SiteHeader.tsx:142:7
the name `SOCIAL_LINKS` is defined multiple times
  140 | }
  141 |
> 142 | const SOCIAL_LINKS = [
      |       ^^^^^^^^^^^^
  143 |   { icon: WhatsAppIcon, href: SOCIAL_URLS.whatsapp, label: "WhatsApp" },
  144 |   { icon: InstagramIcon, href: SOCIAL_URLS.instagram, label: "Instagram" },
  145 |   { icon: TelegramIcon, href: SOCIAL_URLS.telegram, label: "Telegram" },

Ecmascript file had an error

Import trace:
  Server Component:
    ./src/components/SiteHeader.tsx
    ./src/app/[locale]/page.tsx @ http://localhost:3000/_next/static/chunks/node_modules_next_dist_115brz8._.js:3272
[ 2027856ms] [ERROR] ./src/components/SiteHeader.tsx:142:7
the name `SOCIAL_LINKS` is defined multiple times
  140 | }
  141 |
> 142 | const SOCIAL_LINKS = [
      |       ^^^^^^^^^^^^
  143 |   { icon: WhatsAppIcon, href: SOCIAL_URLS.whatsapp, label: "WhatsApp" },
  144 |   { icon: InstagramIcon, href: SOCIAL_URLS.instagram, label: "Instagram" },
  145 |   { icon: TelegramIcon, href: SOCIAL_URLS.telegram, label: "Telegram" },

Ecmascript file had an error

Import trace:
  Server Component:
    ./src/components/SiteHeader.tsx
    ./src/app/[locale]/page.tsx @ http://localhost:3000/_next/static/chunks/node_modules_next_dist_115brz8._.js:3272
[ 2027918ms] [ERROR] ./src/components/SiteHeader.tsx:142:7
the name `SOCIAL_LINKS` is defined multiple times
  140 | }
  141 |
> 142 | const SOCIAL_LINKS = [
      |       ^^^^^^^^^^^^
  143 |   { icon: WhatsAppIcon, href: SOCIAL_URLS.whatsapp, label: "WhatsApp" },
  144 |   { icon: InstagramIcon, href: SOCIAL_URLS.instagram, label: "Instagram" },
  145 |   { icon: TelegramIcon, href: SOCIAL_URLS.telegram, label: "Telegram" },

Ecmascript file had an error

Import trace:
  Server Component:
    ./src/components/SiteHeader.tsx
    ./src/app/[locale]/page.tsx @ http://localhost:3000/_next/static/chunks/node_modules_next_dist_115brz8._.js:3272
[ 2027979ms] [ERROR] ./src/components/SiteHeader.tsx:142:7
the name `SOCIAL_LINKS` is defined multiple times
  140 | }
  141 |
> 142 | const SOCIAL_LINKS = [
      |       ^^^^^^^^^^^^
  143 |   { icon: WhatsAppIcon, href: SOCIAL_URLS.whatsapp, label: "WhatsApp" },
  144 |   { icon: InstagramIcon, href: SOCIAL_URLS.instagram, label: "Instagram" },
  145 |   { icon: TelegramIcon, href: SOCIAL_URLS.telegram, label: "Telegram" },

Ecmascript file had an error

Import trace:
  Server Component:
    ./src/components/SiteHeader.tsx
    ./src/app/[locale]/page.tsx @ http://localhost:3000/_next/static/chunks/node_modules_next_dist_115brz8._.js:3272
[ 2028040ms] [ERROR] ./src/components/SiteHeader.tsx:142:7
the name `SOCIAL_LINKS` is defined multiple times
  140 | }
  141 |
> 142 | const SOCIAL_LINKS = [
      |       ^^^^^^^^^^^^
  143 |   { icon: WhatsAppIcon, href: SOCIAL_URLS.whatsapp, label: "WhatsApp" },
  144 |   { icon: InstagramIcon, href: SOCIAL_URLS.instagram, label: "Instagram" },
  145 |   { icon: TelegramIcon, href: SOCIAL_URLS.telegram, label: "Telegram" },

Ecmascript file had an error

Import trace:
  Server Component:
    ./src/components/SiteHeader.tsx
    ./src/app/[locale]/page.tsx @ http://localhost:3000/_next/static/chunks/node_modules_next_dist_115brz8._.js:3272
[ 2028102ms] [ERROR] ./src/components/SiteHeader.tsx:142:7
the name `SOCIAL_LINKS` is defined multiple times
  140 | }
  141 |
> 142 | const SOCIAL_LINKS = [
      |       ^^^^^^^^^^^^
  143 |   { icon: WhatsAppIcon, href: SOCIAL_URLS.whatsapp, label: "WhatsApp" },
  144 |   { icon: InstagramIcon, href: SOCIAL_URLS.instagram, label: "Instagram" },
  145 |   { icon: TelegramIcon, href: SOCIAL_URLS.telegram, label: "Telegram" },

Ecmascript file had an error

Import trace:
  Server Component:
    ./src/components/SiteHeader.tsx
    ./src/app/[locale]/page.tsx @ http://localhost:3000/_next/static/chunks/node_modules_next_dist_115brz8._.js:3272
[ 2028162ms] [ERROR] ./src/components/SiteHeader.tsx:142:7
the name `SOCIAL_LINKS` is defined multiple times
  140 | }
  141 |
> 142 | const SOCIAL_LINKS = [
      |       ^^^^^^^^^^^^
  143 |   { icon: WhatsAppIcon, href: SOCIAL_URLS.whatsapp, label: "WhatsApp" },
  144 |   { icon: InstagramIcon, href: SOCIAL_URLS.instagram, label: "Instagram" },
  145 |   { icon: TelegramIcon, href: SOCIAL_URLS.telegram, label: "Telegram" },

Ecmascript file had an error

Import trace:
  Server Component:
    ./src/components/SiteHeader.tsx
    ./src/app/[locale]/page.tsx @ http://localhost:3000/_next/static/chunks/node_modules_next_dist_115brz8._.js:3272
[ 2028224ms] [ERROR] ./src/components/SiteHeader.tsx:142:7
the name `SOCIAL_LINKS` is defined multiple times
  140 | }
  141 |
> 142 | const SOCIAL_LINKS = [
      |       ^^^^^^^^^^^^
  143 |   { icon: WhatsAppIcon, href: SOCIAL_URLS.whatsapp, label: "WhatsApp" },
  144 |   { icon: InstagramIcon, href: SOCIAL_URLS.instagram, label: "Instagram" },
  145 |   { icon: TelegramIcon, href: SOCIAL_URLS.telegram, label: "Telegram" },

Ecmascript file had an error

Import trace:
  Server Component:
    ./src/components/SiteHeader.tsx
    ./src/app/[locale]/page.tsx @ http://localhost:3000/_next/static/chunks/node_modules_next_dist_115brz8._.js:3272
[ 2028284ms] [ERROR] ./src/components/SiteHeader.tsx:142:7
the name `SOCIAL_LINKS` is defined multiple times
  140 | }
  141 |
> 142 | const SOCIAL_LINKS = [
      |       ^^^^^^^^^^^^
  143 |   { icon: WhatsAppIcon, href: SOCIAL_URLS.whatsapp, label: "WhatsApp" },
  144 |   { icon: InstagramIcon, href: SOCIAL_URLS.instagram, label: "Instagram" },
  145 |   { icon: TelegramIcon, href: SOCIAL_URLS.telegram, label: "Telegram" },

Ecmascript file had an error

Import trace:
  Server Component:
    ./src/components/SiteHeader.tsx
    ./src/app/[locale]/page.tsx @ http://localhost:3000/_next/static/chunks/node_modules_next_dist_115brz8._.js:3272
[ 2028345ms] [ERROR] ./src/components/SiteHeader.tsx:142:7
the name `SOCIAL_LINKS` is defined multiple times
  140 | }
  141 |
> 142 | const SOCIAL_LINKS = [
      |       ^^^^^^^^^^^^
  143 |   { icon: WhatsAppIcon, href: SOCIAL_URLS.whatsapp, label: "WhatsApp" },
  144 |   { icon: InstagramIcon, href: SOCIAL_URLS.instagram, label: "Instagram" },
  145 |   { icon: TelegramIcon, href: SOCIAL_URLS.telegram, label: "Telegram" },

Ecmascript file had an error

Import trace:
  Server Component:
    ./src/components/SiteHeader.tsx
    ./src/app/[locale]/page.tsx @ http://localhost:3000/_next/static/chunks/node_modules_next_dist_115brz8._.js:3272
[ 2028406ms] [ERROR] ./src/components/SiteHeader.tsx:142:7
the name `SOCIAL_LINKS` is defined multiple times
  140 | }
  141 |
> 142 | const SOCIAL_LINKS = [
      |       ^^^^^^^^^^^^
  143 |   { icon: WhatsAppIcon, href: SOCIAL_URLS.whatsapp, label: "WhatsApp" },
  144 |   { icon: InstagramIcon, href: SOCIAL_URLS.instagram, label: "Instagram" },
  145 |   { icon: TelegramIcon, href: SOCIAL_URLS.telegram, label: "Telegram" },

Ecmascript file had an error

Import trace:
  Server Component:
    ./src/components/SiteHeader.tsx
    ./src/app/[locale]/page.tsx @ http://localhost:3000/_next/static/chunks/node_modules_next_dist_115brz8._.js:3272
[ 2028467ms] [ERROR] ./src/components/SiteHeader.tsx:142:7
the name `SOCIAL_LINKS` is defined multiple times
  140 | }
  141 |
> 142 | const SOCIAL_LINKS = [
      |       ^^^^^^^^^^^^
  143 |   { icon: WhatsAppIcon, href: SOCIAL_URLS.whatsapp, label: "WhatsApp" },
  144 |   { icon: InstagramIcon, href: SOCIAL_URLS.instagram, label: "Instagram" },
  145 |   { icon: TelegramIcon, href: SOCIAL_URLS.telegram, label: "Telegram" },

Ecmascript file had an error

Import trace:
  Server Component:
    ./src/components/SiteHeader.tsx
    ./src/app/[locale]/page.tsx @ http://localhost:3000/_next/static/chunks/node_modules_next_dist_115brz8._.js:3272
[ 2028528ms] [ERROR] ./src/components/SiteHeader.tsx:142:7
the name `SOCIAL_LINKS` is defined multiple times
  140 | }
  141 |
> 142 | const SOCIAL_LINKS = [
      |       ^^^^^^^^^^^^
  143 |   { icon: WhatsAppIcon, href: SOCIAL_URLS.whatsapp, label: "WhatsApp" },
  144 |   { icon: InstagramIcon, href: SOCIAL_URLS.instagram, label: "Instagram" },
  145 |   { icon: TelegramIcon, href: SOCIAL_URLS.telegram, label: "Telegram" },

Ecmascript file had an error

Import trace:
  Server Component:
    ./src/components/SiteHeader.tsx
    ./src/app/[locale]/page.tsx @ http://localhost:3000/_next/static/chunks/node_modules_next_dist_115brz8._.js:3272
[ 2028589ms] [ERROR] ./src/components/SiteHeader.tsx:142:7
the name `SOCIAL_LINKS` is defined multiple times
  140 | }
  141 |
> 142 | const SOCIAL_LINKS = [
      |       ^^^^^^^^^^^^
  143 |   { icon: WhatsAppIcon, href: SOCIAL_URLS.whatsapp, label: "WhatsApp" },
  144 |   { icon: InstagramIcon, href: SOCIAL_URLS.instagram, label: "Instagram" },
  145 |   { icon: TelegramIcon, href: SOCIAL_URLS.telegram, label: "Telegram" },

Ecmascript file had an error

Import trace:
  Server Component:
    ./src/components/SiteHeader.tsx
    ./src/app/[locale]/page.tsx @ http://localhost:3000/_next/static/chunks/node_modules_next_dist_115brz8._.js:3272
[ 2028649ms] [ERROR] ./src/components/SiteHeader.tsx:142:7
the name `SOCIAL_LINKS` is defined multiple times
  140 | }
  141 |
> 142 | const SOCIAL_LINKS = [
      |       ^^^^^^^^^^^^
  143 |   { icon: WhatsAppIcon, href: SOCIAL_URLS.whatsapp, label: "WhatsApp" },
  144 |   { icon: InstagramIcon, href: SOCIAL_URLS.instagram, label: "Instagram" },
  145 |   { icon: TelegramIcon, href: SOCIAL_URLS.telegram, label: "Telegram" },

Ecmascript file had an error

Import trace:
  Server Component:
    ./src/components/SiteHeader.tsx
    ./src/app/[locale]/page.tsx @ http://localhost:3000/_next/static/chunks/node_modules_next_dist_115brz8._.js:3272
[ 2028709ms] [ERROR] ./src/components/SiteHeader.tsx:142:7
the name `SOCIAL_LINKS` is defined multiple times
  140 | }
  141 |
> 142 | const SOCIAL_LINKS = [
      |       ^^^^^^^^^^^^
  143 |   { icon: WhatsAppIcon, href: SOCIAL_URLS.whatsapp, label: "WhatsApp" },
  144 |   { icon: InstagramIcon, href: SOCIAL_URLS.instagram, label: "Instagram" },
  145 |   { icon: TelegramIcon, href: SOCIAL_URLS.telegram, label: "Telegram" },

Ecmascript file had an error

Import trace:
  Server Component:
    ./src/components/SiteHeader.tsx
    ./src/app/[locale]/page.tsx @ http://localhost:3000/_next/static/chunks/node_modules_next_dist_115brz8._.js:3272
[ 2028771ms] [ERROR] ./src/components/SiteHeader.tsx:142:7
the name `SOCIAL_LINKS` is defined multiple times
  140 | }
  141 |
> 142 | const SOCIAL_LINKS = [
      |       ^^^^^^^^^^^^
  143 |   { icon: WhatsAppIcon, href: SOCIAL_URLS.whatsapp, label: "WhatsApp" },
  144 |   { icon: InstagramIcon, href: SOCIAL_URLS.instagram, label: "Instagram" },
  145 |   { icon: TelegramIcon, href: SOCIAL_URLS.telegram, label: "Telegram" },

Ecmascript file had an error

Import trace:
  Server Component:
    ./src/components/SiteHeader.tsx
    ./src/app/[locale]/page.tsx @ http://localhost:3000/_next/static/chunks/node_modules_next_dist_115brz8._.js:3272
[ 2028832ms] [ERROR] ./src/components/SiteHeader.tsx:142:7
the name `SOCIAL_LINKS` is defined multiple times
  140 | }
  141 |
> 142 | const SOCIAL_LINKS = [
      |       ^^^^^^^^^^^^
  143 |   { icon: WhatsAppIcon, href: SOCIAL_URLS.whatsapp, label: "WhatsApp" },
  144 |   { icon: InstagramIcon, href: SOCIAL_URLS.instagram, label: "Instagram" },
  145 |   { icon: TelegramIcon, href: SOCIAL_URLS.telegram, label: "Telegram" },

Ecmascript file had an error

Import trace:
  Server Component:
    ./src/components/SiteHeader.tsx
    ./src/app/[locale]/page.tsx @ http://localhost:3000/_next/static/chunks/node_modules_next_dist_115brz8._.js:3272
[ 2028895ms] [ERROR] ./src/components/SiteHeader.tsx:142:7
the name `SOCIAL_LINKS` is defined multiple times
  140 | }
  141 |
> 142 | const SOCIAL_LINKS = [
      |       ^^^^^^^^^^^^
  143 |   { icon: WhatsAppIcon, href: SOCIAL_URLS.whatsapp, label: "WhatsApp" },
  144 |   { icon: InstagramIcon, href: SOCIAL_URLS.instagram, label: "Instagram" },
  145 |   { icon: TelegramIcon, href: SOCIAL_URLS.telegram, label: "Telegram" },

Ecmascript file had an error

Import trace:
  Server Component:
    ./src/components/SiteHeader.tsx
    ./src/app/[locale]/page.tsx @ http://localhost:3000/_next/static/chunks/node_modules_next_dist_115brz8._.js:3272
[ 2028956ms] [ERROR] ./src/components/SiteHeader.tsx:142:7
the name `SOCIAL_LINKS` is defined multiple times
  140 | }
  141 |
> 142 | const SOCIAL_LINKS = [
      |       ^^^^^^^^^^^^
  143 |   { icon: WhatsAppIcon, href: SOCIAL_URLS.whatsapp, label: "WhatsApp" },
  144 |   { icon: InstagramIcon, href: SOCIAL_URLS.instagram, label: "Instagram" },
  145 |   { icon: TelegramIcon, href: SOCIAL_URLS.telegram, label: "Telegram" },

Ecmascript file had an error

Import trace:
  Server Component:
    ./src/components/SiteHeader.tsx
    ./src/app/[locale]/page.tsx @ http://localhost:3000/_next/static/chunks/node_modules_next_dist_115brz8._.js:3272
[ 2029016ms] [ERROR] ./src/components/SiteHeader.tsx:142:7
the name `SOCIAL_LINKS` is defined multiple times
  140 | }
  141 |
> 142 | const SOCIAL_LINKS = [
      |       ^^^^^^^^^^^^
  143 |   { icon: WhatsAppIcon, href: SOCIAL_URLS.whatsapp, label: "WhatsApp" },
  144 |   { icon: InstagramIcon, href: SOCIAL_URLS.instagram, label: "Instagram" },
  145 |   { icon: TelegramIcon, href: SOCIAL_URLS.telegram, label: "Telegram" },

Ecmascript file had an error

Import trace:
  Server Component:
    ./src/components/SiteHeader.tsx
    ./src/app/[locale]/page.tsx @ http://localhost:3000/_next/static/chunks/node_modules_next_dist_115brz8._.js:3272
[ 2029078ms] [ERROR] ./src/components/SiteHeader.tsx:142:7
the name `SOCIAL_LINKS` is defined multiple times
  140 | }
  141 |
> 142 | const SOCIAL_LINKS = [
      |       ^^^^^^^^^^^^
  143 |   { icon: WhatsAppIcon, href: SOCIAL_URLS.whatsapp, label: "WhatsApp" },
  144 |   { icon: InstagramIcon, href: SOCIAL_URLS.instagram, label: "Instagram" },
  145 |   { icon: TelegramIcon, href: SOCIAL_URLS.telegram, label: "Telegram" },

Ecmascript file had an error

Import trace:
  Server Component:
    ./src/components/SiteHeader.tsx
    ./src/app/[locale]/page.tsx @ http://localhost:3000/_next/static/chunks/node_modules_next_dist_115brz8._.js:3272
[ 2029138ms] [ERROR] ./src/components/SiteHeader.tsx:142:7
the name `SOCIAL_LINKS` is defined multiple times
  140 | }
  141 |
> 142 | const SOCIAL_LINKS = [
      |       ^^^^^^^^^^^^
  143 |   { icon: WhatsAppIcon, href: SOCIAL_URLS.whatsapp, label: "WhatsApp" },
  144 |   { icon: InstagramIcon, href: SOCIAL_URLS.instagram, label: "Instagram" },
  145 |   { icon: TelegramIcon, href: SOCIAL_URLS.telegram, label: "Telegram" },

Ecmascript file had an error

Import trace:
  Server Component:
    ./src/components/SiteHeader.tsx
    ./src/app/[locale]/page.tsx @ http://localhost:3000/_next/static/chunks/node_modules_next_dist_115brz8._.js:3272
[ 2029199ms] [ERROR] ./src/components/SiteHeader.tsx:142:7
the name `SOCIAL_LINKS` is defined multiple times
  140 | }
  141 |
> 142 | const SOCIAL_LINKS = [
      |       ^^^^^^^^^^^^
  143 |   { icon: WhatsAppIcon, href: SOCIAL_URLS.whatsapp, label: "WhatsApp" },
  144 |   { icon: InstagramIcon, href: SOCIAL_URLS.instagram, label: "Instagram" },
  145 |   { icon: TelegramIcon, href: SOCIAL_URLS.telegram, label: "Telegram" },

Ecmascript file had an error

Import trace:
  Server Component:
    ./src/components/SiteHeader.tsx
    ./src/app/[locale]/page.tsx @ http://localhost:3000/_next/static/chunks/node_modules_next_dist_115brz8._.js:3272
[ 2029260ms] [ERROR] ./src/components/SiteHeader.tsx:142:7
the name `SOCIAL_LINKS` is defined multiple times
  140 | }
  141 |
> 142 | const SOCIAL_LINKS = [
      |       ^^^^^^^^^^^^
  143 |   { icon: WhatsAppIcon, href: SOCIAL_URLS.whatsapp, label: "WhatsApp" },
  144 |   { icon: InstagramIcon, href: SOCIAL_URLS.instagram, label: "Instagram" },
  145 |   { icon: TelegramIcon, href: SOCIAL_URLS.telegram, label: "Telegram" },

Ecmascript file had an error

Import trace:
  Server Component:
    ./src/components/SiteHeader.tsx
    ./src/app/[locale]/page.tsx @ http://localhost:3000/_next/static/chunks/node_modules_next_dist_115brz8._.js:3272
[ 2029321ms] [ERROR] ./src/components/SiteHeader.tsx:142:7
the name `SOCIAL_LINKS` is defined multiple times
  140 | }
  141 |
> 142 | const SOCIAL_LINKS = [
      |       ^^^^^^^^^^^^
  143 |   { icon: WhatsAppIcon, href: SOCIAL_URLS.whatsapp, label: "WhatsApp" },
  144 |   { icon: InstagramIcon, href: SOCIAL_URLS.instagram, label: "Instagram" },
  145 |   { icon: TelegramIcon, href: SOCIAL_URLS.telegram, label: "Telegram" },

Ecmascript file had an error

Import trace:
  Server Component:
    ./src/components/SiteHeader.tsx
    ./src/app/[locale]/page.tsx @ http://localhost:3000/_next/static/chunks/node_modules_next_dist_115brz8._.js:3272
[ 2029382ms] [ERROR] ./src/components/SiteHeader.tsx:142:7
the name `SOCIAL_LINKS` is defined multiple times
  140 | }
  141 |
> 142 | const SOCIAL_LINKS = [
      |       ^^^^^^^^^^^^
  143 |   { icon: WhatsAppIcon, href: SOCIAL_URLS.whatsapp, label: "WhatsApp" },
  144 |   { icon: InstagramIcon, href: SOCIAL_URLS.instagram, label: "Instagram" },
  145 |   { icon: TelegramIcon, href: SOCIAL_URLS.telegram, label: "Telegram" },

Ecmascript file had an error

Import trace:
  Server Component:
    ./src/components/SiteHeader.tsx
    ./src/app/[locale]/page.tsx @ http://localhost:3000/_next/static/chunks/node_modules_next_dist_115brz8._.js:3272
[ 2029442ms] [ERROR] ./src/components/SiteHeader.tsx:142:7
the name `SOCIAL_LINKS` is defined multiple times
  140 | }
  141 |
> 142 | const SOCIAL_LINKS = [
      |       ^^^^^^^^^^^^
  143 |   { icon: WhatsAppIcon, href: SOCIAL_URLS.whatsapp, label: "WhatsApp" },
  144 |   { icon: InstagramIcon, href: SOCIAL_URLS.instagram, label: "Instagram" },
  145 |   { icon: TelegramIcon, href: SOCIAL_URLS.telegram, label: "Telegram" },

Ecmascript file had an error

Import trace:
  Server Component:
    ./src/components/SiteHeader.tsx
    ./src/app/[locale]/page.tsx @ http://localhost:3000/_next/static/chunks/node_modules_next_dist_115brz8._.js:3272
[ 2029502ms] [ERROR] ./src/components/SiteHeader.tsx:142:7
the name `SOCIAL_LINKS` is defined multiple times
  140 | }
  141 |
> 142 | const SOCIAL_LINKS = [
      |       ^^^^^^^^^^^^
  143 |   { icon: WhatsAppIcon, href: SOCIAL_URLS.whatsapp, label: "WhatsApp" },
  144 |   { icon: InstagramIcon, href: SOCIAL_URLS.instagram, label: "Instagram" },
  145 |   { icon: TelegramIcon, href: SOCIAL_URLS.telegram, label: "Telegram" },

Ecmascript file had an error

Import trace:
  Server Component:
    ./src/components/SiteHeader.tsx
    ./src/app/[locale]/page.tsx @ http://localhost:3000/_next/static/chunks/node_modules_next_dist_115brz8._.js:3272
[ 2029563ms] [ERROR] ./src/components/SiteHeader.tsx:142:7
the name `SOCIAL_LINKS` is defined multiple times
  140 | }
  141 |
> 142 | const SOCIAL_LINKS = [
      |       ^^^^^^^^^^^^
  143 |   { icon: WhatsAppIcon, href: SOCIAL_URLS.whatsapp, label: "WhatsApp" },
  144 |   { icon: InstagramIcon, href: SOCIAL_URLS.instagram, label: "Instagram" },
  145 |   { icon: TelegramIcon, href: SOCIAL_URLS.telegram, label: "Telegram" },

Ecmascript file had an error

Import trace:
  Server Component:
    ./src/components/SiteHeader.tsx
    ./src/app/[locale]/page.tsx @ http://localhost:3000/_next/static/chunks/node_modules_next_dist_115brz8._.js:3272
[ 2029624ms] [ERROR] ./src/components/SiteHeader.tsx:142:7
the name `SOCIAL_LINKS` is defined multiple times
  140 | }
  141 |
> 142 | const SOCIAL_LINKS = [
      |       ^^^^^^^^^^^^
  143 |   { icon: WhatsAppIcon, href: SOCIAL_URLS.whatsapp, label: "WhatsApp" },
  144 |   { icon: InstagramIcon, href: SOCIAL_URLS.instagram, label: "Instagram" },
  145 |   { icon: TelegramIcon, href: SOCIAL_URLS.telegram, label: "Telegram" },

Ecmascript file had an error

Import trace:
  Server Component:
    ./src/components/SiteHeader.tsx
    ./src/app/[locale]/page.tsx @ http://localhost:3000/_next/static/chunks/node_modules_next_dist_115brz8._.js:3272
[ 2029686ms] [ERROR] ./src/components/SiteHeader.tsx:142:7
the name `SOCIAL_LINKS` is defined multiple times
  140 | }
  141 |
> 142 | const SOCIAL_LINKS = [
      |       ^^^^^^^^^^^^
  143 |   { icon: WhatsAppIcon, href: SOCIAL_URLS.whatsapp, label: "WhatsApp" },
  144 |   { icon: InstagramIcon, href: SOCIAL_URLS.instagram, label: "Instagram" },
  145 |   { icon: TelegramIcon, href: SOCIAL_URLS.telegram, label: "Telegram" },

Ecmascript file had an error

Import trace:
  Server Component:
    ./src/components/SiteHeader.tsx
    ./src/app/[locale]/page.tsx @ http://localhost:3000/_next/static/chunks/node_modules_next_dist_115brz8._.js:3272
[ 2029747ms] [ERROR] ./src/components/SiteHeader.tsx:142:7
the name `SOCIAL_LINKS` is defined multiple times
  140 | }
  141 |
> 142 | const SOCIAL_LINKS = [
      |       ^^^^^^^^^^^^
  143 |   { icon: WhatsAppIcon, href: SOCIAL_URLS.whatsapp, label: "WhatsApp" },
  144 |   { icon: InstagramIcon, href: SOCIAL_URLS.instagram, label: "Instagram" },
  145 |   { icon: TelegramIcon, href: SOCIAL_URLS.telegram, label: "Telegram" },

Ecmascript file had an error

Import trace:
  Server Component:
    ./src/components/SiteHeader.tsx
    ./src/app/[locale]/page.tsx @ http://localhost:3000/_next/static/chunks/node_modules_next_dist_115brz8._.js:3272
[ 2029809ms] [ERROR] ./src/components/SiteHeader.tsx:142:7
the name `SOCIAL_LINKS` is defined multiple times
  140 | }
  141 |
> 142 | const SOCIAL_LINKS = [
      |       ^^^^^^^^^^^^
  143 |   { icon: WhatsAppIcon, href: SOCIAL_URLS.whatsapp, label: "WhatsApp" },
  144 |   { icon: InstagramIcon, href: SOCIAL_URLS.instagram, label: "Instagram" },
  145 |   { icon: TelegramIcon, href: SOCIAL_URLS.telegram, label: "Telegram" },

Ecmascript file had an error

Import trace:
  Server Component:
    ./src/components/SiteHeader.tsx
    ./src/app/[locale]/page.tsx @ http://localhost:3000/_next/static/chunks/node_modules_next_dist_115brz8._.js:3272
[ 2029871ms] [ERROR] ./src/components/SiteHeader.tsx:142:7
the name `SOCIAL_LINKS` is defined multiple times
  140 | }
  141 |
> 142 | const SOCIAL_LINKS = [
      |       ^^^^^^^^^^^^
  143 |   { icon: WhatsAppIcon, href: SOCIAL_URLS.whatsapp, label: "WhatsApp" },
  144 |   { icon: InstagramIcon, href: SOCIAL_URLS.instagram, label: "Instagram" },
  145 |   { icon: TelegramIcon, href: SOCIAL_URLS.telegram, label: "Telegram" },

Ecmascript file had an error

Import trace:
  Server Component:
    ./src/components/SiteHeader.tsx
    ./src/app/[locale]/page.tsx @ http://localhost:3000/_next/static/chunks/node_modules_next_dist_115brz8._.js:3272
[ 2029932ms] [ERROR] ./src/components/SiteHeader.tsx:142:7
the name `SOCIAL_LINKS` is defined multiple times
  140 | }
  141 |
> 142 | const SOCIAL_LINKS = [
      |       ^^^^^^^^^^^^
  143 |   { icon: WhatsAppIcon, href: SOCIAL_URLS.whatsapp, label: "WhatsApp" },
  144 |   { icon: InstagramIcon, href: SOCIAL_URLS.instagram, label: "Instagram" },
  145 |   { icon: TelegramIcon, href: SOCIAL_URLS.telegram, label: "Telegram" },

Ecmascript file had an error

Import trace:
  Server Component:
    ./src/components/SiteHeader.tsx
    ./src/app/[locale]/page.tsx @ http://localhost:3000/_next/static/chunks/node_modules_next_dist_115brz8._.js:3272
[ 2029993ms] [ERROR] ./src/components/SiteHeader.tsx:142:7
the name `SOCIAL_LINKS` is defined multiple times
  140 | }
  141 |
> 142 | const SOCIAL_LINKS = [
      |       ^^^^^^^^^^^^
  143 |   { icon: WhatsAppIcon, href: SOCIAL_URLS.whatsapp, label: "WhatsApp" },
  144 |   { icon: InstagramIcon, href: SOCIAL_URLS.instagram, label: "Instagram" },
  145 |   { icon: TelegramIcon, href: SOCIAL_URLS.telegram, label: "Telegram" },

Ecmascript file had an error

Import trace:
  Server Component:
    ./src/components/SiteHeader.tsx
    ./src/app/[locale]/page.tsx @ http://localhost:3000/_next/static/chunks/node_modules_next_dist_115brz8._.js:3272
[ 2030053ms] [ERROR] ./src/components/SiteHeader.tsx:142:7
the name `SOCIAL_LINKS` is defined multiple times
  140 | }
  141 |
> 142 | const SOCIAL_LINKS = [
      |       ^^^^^^^^^^^^
  143 |   { icon: WhatsAppIcon, href: SOCIAL_URLS.whatsapp, label: "WhatsApp" },
  144 |   { icon: InstagramIcon, href: SOCIAL_URLS.instagram, label: "Instagram" },
  145 |   { icon: TelegramIcon, href: SOCIAL_URLS.telegram, label: "Telegram" },

Ecmascript file had an error

Import trace:
  Server Component:
    ./src/components/SiteHeader.tsx
    ./src/app/[locale]/page.tsx @ http://localhost:3000/_next/static/chunks/node_modules_next_dist_115brz8._.js:3272
[ 2030115ms] [ERROR] ./src/components/SiteHeader.tsx:142:7
the name `SOCIAL_LINKS` is defined multiple times
  140 | }
  141 |
> 142 | const SOCIAL_LINKS = [
      |       ^^^^^^^^^^^^
  143 |   { icon: WhatsAppIcon, href: SOCIAL_URLS.whatsapp, label: "WhatsApp" },
  144 |   { icon: InstagramIcon, href: SOCIAL_URLS.instagram, label: "Instagram" },
  145 |   { icon: TelegramIcon, href: SOCIAL_URLS.telegram, label: "Telegram" },

Ecmascript file had an error

Import trace:
  Server Component:
    ./src/components/SiteHeader.tsx
    ./src/app/[locale]/page.tsx @ http://localhost:3000/_next/static/chunks/node_modules_next_dist_115brz8._.js:3272
[ 2030176ms] [ERROR] ./src/components/SiteHeader.tsx:142:7
the name `SOCIAL_LINKS` is defined multiple times
  140 | }
  141 |
> 142 | const SOCIAL_LINKS = [
      |       ^^^^^^^^^^^^
  143 |   { icon: WhatsAppIcon, href: SOCIAL_URLS.whatsapp, label: "WhatsApp" },
  144 |   { icon: InstagramIcon, href: SOCIAL_URLS.instagram, label: "Instagram" },
  145 |   { icon: TelegramIcon, href: SOCIAL_URLS.telegram, label: "Telegram" },

Ecmascript file had an error

Import trace:
  Server Component:
    ./src/components/SiteHeader.tsx
    ./src/app/[locale]/page.tsx @ http://localhost:3000/_next/static/chunks/node_modules_next_dist_115brz8._.js:3272
[ 2030236ms] [ERROR] ./src/components/SiteHeader.tsx:142:7
the name `SOCIAL_LINKS` is defined multiple times
  140 | }
  141 |
> 142 | const SOCIAL_LINKS = [
      |       ^^^^^^^^^^^^
  143 |   { icon: WhatsAppIcon, href: SOCIAL_URLS.whatsapp, label: "WhatsApp" },
  144 |   { icon: InstagramIcon, href: SOCIAL_URLS.instagram, label: "Instagram" },
  145 |   { icon: TelegramIcon, href: SOCIAL_URLS.telegram, label: "Telegram" },

Ecmascript file had an error

Import trace:
  Server Component:
    ./src/components/SiteHeader.tsx
    ./src/app/[locale]/page.tsx @ http://localhost:3000/_next/static/chunks/node_modules_next_dist_115brz8._.js:3272
[ 2030297ms] [ERROR] ./src/components/SiteHeader.tsx:142:7
the name `SOCIAL_LINKS` is defined multiple times
  140 | }
  141 |
> 142 | const SOCIAL_LINKS = [
      |       ^^^^^^^^^^^^
  143 |   { icon: WhatsAppIcon, href: SOCIAL_URLS.whatsapp, label: "WhatsApp" },
  144 |   { icon: InstagramIcon, href: SOCIAL_URLS.instagram, label: "Instagram" },
  145 |   { icon: TelegramIcon, href: SOCIAL_URLS.telegram, label: "Telegram" },

Ecmascript file had an error

Import trace:
  Server Component:
    ./src/components/SiteHeader.tsx
    ./src/app/[locale]/page.tsx @ http://localhost:3000/_next/static/chunks/node_modules_next_dist_115brz8._.js:3272
[ 2030359ms] [ERROR] ./src/components/SiteHeader.tsx:142:7
the name `SOCIAL_LINKS` is defined multiple times
  140 | }
  141 |
> 142 | const SOCIAL_LINKS = [
      |       ^^^^^^^^^^^^
  143 |   { icon: WhatsAppIcon, href: SOCIAL_URLS.whatsapp, label: "WhatsApp" },
  144 |   { icon: InstagramIcon, href: SOCIAL_URLS.instagram, label: "Instagram" },
  145 |   { icon: TelegramIcon, href: SOCIAL_URLS.telegram, label: "Telegram" },

Ecmascript file had an error

Import trace:
  Server Component:
    ./src/components/SiteHeader.tsx
    ./src/app/[locale]/page.tsx @ http://localhost:3000/_next/static/chunks/node_modules_next_dist_115brz8._.js:3272
[ 2030420ms] [ERROR] ./src/components/SiteHeader.tsx:142:7
the name `SOCIAL_LINKS` is defined multiple times
  140 | }
  141 |
> 142 | const SOCIAL_LINKS = [
      |       ^^^^^^^^^^^^
  143 |   { icon: WhatsAppIcon, href: SOCIAL_URLS.whatsapp, label: "WhatsApp" },
  144 |   { icon: InstagramIcon, href: SOCIAL_URLS.instagram, label: "Instagram" },
  145 |   { icon: TelegramIcon, href: SOCIAL_URLS.telegram, label: "Telegram" },

Ecmascript file had an error

Import trace:
  Server Component:
    ./src/components/SiteHeader.tsx
    ./src/app/[locale]/page.tsx @ http://localhost:3000/_next/static/chunks/node_modules_next_dist_115brz8._.js:3272
[ 2030481ms] [ERROR] ./src/components/SiteHeader.tsx:142:7
the name `SOCIAL_LINKS` is defined multiple times
  140 | }
  141 |
> 142 | const SOCIAL_LINKS = [
      |       ^^^^^^^^^^^^
  143 |   { icon: WhatsAppIcon, href: SOCIAL_URLS.whatsapp, label: "WhatsApp" },
  144 |   { icon: InstagramIcon, href: SOCIAL_URLS.instagram, label: "Instagram" },
  145 |   { icon: TelegramIcon, href: SOCIAL_URLS.telegram, label: "Telegram" },

Ecmascript file had an error

Import trace:
  Server Component:
    ./src/components/SiteHeader.tsx
    ./src/app/[locale]/page.tsx @ http://localhost:3000/_next/static/chunks/node_modules_next_dist_115brz8._.js:3272
[ 2030542ms] [ERROR] ./src/components/SiteHeader.tsx:142:7
the name `SOCIAL_LINKS` is defined multiple times
  140 | }
  141 |
> 142 | const SOCIAL_LINKS = [
      |       ^^^^^^^^^^^^
  143 |   { icon: WhatsAppIcon, href: SOCIAL_URLS.whatsapp, label: "WhatsApp" },
  144 |   { icon: InstagramIcon, href: SOCIAL_URLS.instagram, label: "Instagram" },
  145 |   { icon: TelegramIcon, href: SOCIAL_URLS.telegram, label: "Telegram" },

Ecmascript file had an error

Import trace:
  Server Component:
    ./src/components/SiteHeader.tsx
    ./src/app/[locale]/page.tsx @ http://localhost:3000/_next/static/chunks/node_modules_next_dist_115brz8._.js:3272
[ 2030604ms] [ERROR] ./src/components/SiteHeader.tsx:142:7
the name `SOCIAL_LINKS` is defined multiple times
  140 | }
  141 |
> 142 | const SOCIAL_LINKS = [
      |       ^^^^^^^^^^^^
  143 |   { icon: WhatsAppIcon, href: SOCIAL_URLS.whatsapp, label: "WhatsApp" },
  144 |   { icon: InstagramIcon, href: SOCIAL_URLS.instagram, label: "Instagram" },
  145 |   { icon: TelegramIcon, href: SOCIAL_URLS.telegram, label: "Telegram" },

Ecmascript file had an error

Import trace:
  Server Component:
    ./src/components/SiteHeader.tsx
    ./src/app/[locale]/page.tsx @ http://localhost:3000/_next/static/chunks/node_modules_next_dist_115brz8._.js:3272
[ 2030665ms] [ERROR] ./src/components/SiteHeader.tsx:142:7
the name `SOCIAL_LINKS` is defined multiple times
  140 | }
  141 |
> 142 | const SOCIAL_LINKS = [
      |       ^^^^^^^^^^^^
  143 |   { icon: WhatsAppIcon, href: SOCIAL_URLS.whatsapp, label: "WhatsApp" },
  144 |   { icon: InstagramIcon, href: SOCIAL_URLS.instagram, label: "Instagram" },
  145 |   { icon: TelegramIcon, href: SOCIAL_URLS.telegram, label: "Telegram" },

Ecmascript file had an error

Import trace:
  Server Component:
    ./src/components/SiteHeader.tsx
    ./src/app/[locale]/page.tsx @ http://localhost:3000/_next/static/chunks/node_modules_next_dist_115brz8._.js:3272
[ 2030725ms] [ERROR] ./src/components/SiteHeader.tsx:142:7
the name `SOCIAL_LINKS` is defined multiple times
  140 | }
  141 |
> 142 | const SOCIAL_LINKS = [
      |       ^^^^^^^^^^^^
  143 |   { icon: WhatsAppIcon, href: SOCIAL_URLS.whatsapp, label: "WhatsApp" },
  144 |   { icon: InstagramIcon, href: SOCIAL_URLS.instagram, label: "Instagram" },
  145 |   { icon: TelegramIcon, href: SOCIAL_URLS.telegram, label: "Telegram" },

Ecmascript file had an error

Import trace:
  Server Component:
    ./src/components/SiteHeader.tsx
    ./src/app/[locale]/page.tsx @ http://localhost:3000/_next/static/chunks/node_modules_next_dist_115brz8._.js:3272
[ 2030785ms] [ERROR] ./src/components/SiteHeader.tsx:142:7
the name `SOCIAL_LINKS` is defined multiple times
  140 | }
  141 |
> 142 | const SOCIAL_LINKS = [
      |       ^^^^^^^^^^^^
  143 |   { icon: WhatsAppIcon, href: SOCIAL_URLS.whatsapp, label: "WhatsApp" },
  144 |   { icon: InstagramIcon, href: SOCIAL_URLS.instagram, label: "Instagram" },
  145 |   { icon: TelegramIcon, href: SOCIAL_URLS.telegram, label: "Telegram" },

Ecmascript file had an error

Import trace:
  Server Component:
    ./src/components/SiteHeader.tsx
    ./src/app/[locale]/page.tsx @ http://localhost:3000/_next/static/chunks/node_modules_next_dist_115brz8._.js:3272
[ 2030845ms] [ERROR] ./src/components/SiteHeader.tsx:142:7
the name `SOCIAL_LINKS` is defined multiple times
  140 | }
  141 |
> 142 | const SOCIAL_LINKS = [
      |       ^^^^^^^^^^^^
  143 |   { icon: WhatsAppIcon, href: SOCIAL_URLS.whatsapp, label: "WhatsApp" },
  144 |   { icon: InstagramIcon, href: SOCIAL_URLS.instagram, label: "Instagram" },
  145 |   { icon: TelegramIcon, href: SOCIAL_URLS.telegram, label: "Telegram" },

Ecmascript file had an error

Import trace:
  Server Component:
    ./src/components/SiteHeader.tsx
    ./src/app/[locale]/page.tsx @ http://localhost:3000/_next/static/chunks/node_modules_next_dist_115brz8._.js:3272
[ 2030907ms] [ERROR] ./src/components/SiteHeader.tsx:142:7
the name `SOCIAL_LINKS` is defined multiple times
  140 | }
  141 |
> 142 | const SOCIAL_LINKS = [
      |       ^^^^^^^^^^^^
  143 |   { icon: WhatsAppIcon, href: SOCIAL_URLS.whatsapp, label: "WhatsApp" },
  144 |   { icon: InstagramIcon, href: SOCIAL_URLS.instagram, label: "Instagram" },
  145 |   { icon: TelegramIcon, href: SOCIAL_URLS.telegram, label: "Telegram" },

Ecmascript file had an error

Import trace:
  Server Component:
    ./src/components/SiteHeader.tsx
    ./src/app/[locale]/page.tsx @ http://localhost:3000/_next/static/chunks/node_modules_next_dist_115brz8._.js:3272
[ 2030968ms] [ERROR] ./src/components/SiteHeader.tsx:142:7
the name `SOCIAL_LINKS` is defined multiple times
  140 | }
  141 |
> 142 | const SOCIAL_LINKS = [
      |       ^^^^^^^^^^^^
  143 |   { icon: WhatsAppIcon, href: SOCIAL_URLS.whatsapp, label: "WhatsApp" },
  144 |   { icon: InstagramIcon, href: SOCIAL_URLS.instagram, label: "Instagram" },
  145 |   { icon: TelegramIcon, href: SOCIAL_URLS.telegram, label: "Telegram" },

Ecmascript file had an error

Import trace:
  Server Component:
    ./src/components/SiteHeader.tsx
    ./src/app/[locale]/page.tsx @ http://localhost:3000/_next/static/chunks/node_modules_next_dist_115brz8._.js:3272
[ 2031030ms] [ERROR] ./src/components/SiteHeader.tsx:142:7
the name `SOCIAL_LINKS` is defined multiple times
  140 | }
  141 |
> 142 | const SOCIAL_LINKS = [
      |       ^^^^^^^^^^^^
  143 |   { icon: WhatsAppIcon, href: SOCIAL_URLS.whatsapp, label: "WhatsApp" },
  144 |   { icon: InstagramIcon, href: SOCIAL_URLS.instagram, label: "Instagram" },
  145 |   { icon: TelegramIcon, href: SOCIAL_URLS.telegram, label: "Telegram" },

Ecmascript file had an error

Import trace:
  Server Component:
    ./src/components/SiteHeader.tsx
    ./src/app/[locale]/page.tsx @ http://localhost:3000/_next/static/chunks/node_modules_next_dist_115brz8._.js:3272
[ 2031091ms] [ERROR] ./src/components/SiteHeader.tsx:142:7
the name `SOCIAL_LINKS` is defined multiple times
  140 | }
  141 |
> 142 | const SOCIAL_LINKS = [
      |       ^^^^^^^^^^^^
  143 |   { icon: WhatsAppIcon, href: SOCIAL_URLS.whatsapp, label: "WhatsApp" },
  144 |   { icon: InstagramIcon, href: SOCIAL_URLS.instagram, label: "Instagram" },
  145 |   { icon: TelegramIcon, href: SOCIAL_URLS.telegram, label: "Telegram" },

Ecmascript file had an error

Import trace:
  Server Component:
    ./src/components/SiteHeader.tsx
    ./src/app/[locale]/page.tsx @ http://localhost:3000/_next/static/chunks/node_modules_next_dist_115brz8._.js:3272
[ 2031152ms] [ERROR] ./src/components/SiteHeader.tsx:142:7
the name `SOCIAL_LINKS` is defined multiple times
  140 | }
  141 |
> 142 | const SOCIAL_LINKS = [
      |       ^^^^^^^^^^^^
  143 |   { icon: WhatsAppIcon, href: SOCIAL_URLS.whatsapp, label: "WhatsApp" },
  144 |   { icon: InstagramIcon, href: SOCIAL_URLS.instagram, label: "Instagram" },
  145 |   { icon: TelegramIcon, href: SOCIAL_URLS.telegram, label: "Telegram" },

Ecmascript file had an error

Import trace:
  Server Component:
    ./src/components/SiteHeader.tsx
    ./src/app/[locale]/page.tsx @ http://localhost:3000/_next/static/chunks/node_modules_next_dist_115brz8._.js:3272
[ 2031213ms] [ERROR] ./src/components/SiteHeader.tsx:142:7
the name `SOCIAL_LINKS` is defined multiple times
  140 | }
  141 |
> 142 | const SOCIAL_LINKS = [
      |       ^^^^^^^^^^^^
  143 |   { icon: WhatsAppIcon, href: SOCIAL_URLS.whatsapp, label: "WhatsApp" },
  144 |   { icon: InstagramIcon, href: SOCIAL_URLS.instagram, label: "Instagram" },
  145 |   { icon: TelegramIcon, href: SOCIAL_URLS.telegram, label: "Telegram" },

Ecmascript file had an error

Import trace:
  Server Component:
    ./src/components/SiteHeader.tsx
    ./src/app/[locale]/page.tsx @ http://localhost:3000/_next/static/chunks/node_modules_next_dist_115brz8._.js:3272
[ 2031274ms] [ERROR] ./src/components/SiteHeader.tsx:142:7
the name `SOCIAL_LINKS` is defined multiple times
  140 | }
  141 |
> 142 | const SOCIAL_LINKS = [
      |       ^^^^^^^^^^^^
  143 |   { icon: WhatsAppIcon, href: SOCIAL_URLS.whatsapp, label: "WhatsApp" },
  144 |   { icon: InstagramIcon, href: SOCIAL_URLS.instagram, label: "Instagram" },
  145 |   { icon: TelegramIcon, href: SOCIAL_URLS.telegram, label: "Telegram" },

Ecmascript file had an error

Import trace:
  Server Component:
    ./src/components/SiteHeader.tsx
    ./src/app/[locale]/page.tsx @ http://localhost:3000/_next/static/chunks/node_modules_next_dist_115brz8._.js:3272
[ 2031335ms] [ERROR] ./src/components/SiteHeader.tsx:142:7
the name `SOCIAL_LINKS` is defined multiple times
  140 | }
  141 |
> 142 | const SOCIAL_LINKS = [
      |       ^^^^^^^^^^^^
  143 |   { icon: WhatsAppIcon, href: SOCIAL_URLS.whatsapp, label: "WhatsApp" },
  144 |   { icon: InstagramIcon, href: SOCIAL_URLS.instagram, label: "Instagram" },
  145 |   { icon: TelegramIcon, href: SOCIAL_URLS.telegram, label: "Telegram" },

Ecmascript file had an error

Import trace:
  Server Component:
    ./src/components/SiteHeader.tsx
    ./src/app/[locale]/page.tsx @ http://localhost:3000/_next/static/chunks/node_modules_next_dist_115brz8._.js:3272
[ 2031396ms] [ERROR] ./src/components/SiteHeader.tsx:142:7
the name `SOCIAL_LINKS` is defined multiple times
  140 | }
  141 |
> 142 | const SOCIAL_LINKS = [
      |       ^^^^^^^^^^^^
  143 |   { icon: WhatsAppIcon, href: SOCIAL_URLS.whatsapp, label: "WhatsApp" },
  144 |   { icon: InstagramIcon, href: SOCIAL_URLS.instagram, label: "Instagram" },
  145 |   { icon: TelegramIcon, href: SOCIAL_URLS.telegram, label: "Telegram" },

Ecmascript file had an error

Import trace:
  Server Component:
    ./src/components/SiteHeader.tsx
    ./src/app/[locale]/page.tsx @ http://localhost:3000/_next/static/chunks/node_modules_next_dist_115brz8._.js:3272
[ 2031457ms] [ERROR] ./src/components/SiteHeader.tsx:142:7
the name `SOCIAL_LINKS` is defined multiple times
  140 | }
  141 |
> 142 | const SOCIAL_LINKS = [
      |       ^^^^^^^^^^^^
  143 |   { icon: WhatsAppIcon, href: SOCIAL_URLS.whatsapp, label: "WhatsApp" },
  144 |   { icon: InstagramIcon, href: SOCIAL_URLS.instagram, label: "Instagram" },
  145 |   { icon: TelegramIcon, href: SOCIAL_URLS.telegram, label: "Telegram" },

Ecmascript file had an error

Import trace:
  Server Component:
    ./src/components/SiteHeader.tsx
    ./src/app/[locale]/page.tsx @ http://localhost:3000/_next/static/chunks/node_modules_next_dist_115brz8._.js:3272
[ 2031517ms] [ERROR] ./src/components/SiteHeader.tsx:142:7
the name `SOCIAL_LINKS` is defined multiple times
  140 | }
  141 |
> 142 | const SOCIAL_LINKS = [
      |       ^^^^^^^^^^^^
  143 |   { icon: WhatsAppIcon, href: SOCIAL_URLS.whatsapp, label: "WhatsApp" },
  144 |   { icon: InstagramIcon, href: SOCIAL_URLS.instagram, label: "Instagram" },
  145 |   { icon: TelegramIcon, href: SOCIAL_URLS.telegram, label: "Telegram" },

Ecmascript file had an error

Import trace:
  Server Component:
    ./src/components/SiteHeader.tsx
    ./src/app/[locale]/page.tsx @ http://localhost:3000/_next/static/chunks/node_modules_next_dist_115brz8._.js:3272
[ 2031578ms] [ERROR] ./src/components/SiteHeader.tsx:142:7
the name `SOCIAL_LINKS` is defined multiple times
  140 | }
  141 |
> 142 | const SOCIAL_LINKS = [
      |       ^^^^^^^^^^^^
  143 |   { icon: WhatsAppIcon, href: SOCIAL_URLS.whatsapp, label: "WhatsApp" },
  144 |   { icon: InstagramIcon, href: SOCIAL_URLS.instagram, label: "Instagram" },
  145 |   { icon: TelegramIcon, href: SOCIAL_URLS.telegram, label: "Telegram" },

Ecmascript file had an error

Import trace:
  Server Component:
    ./src/components/SiteHeader.tsx
    ./src/app/[locale]/page.tsx @ http://localhost:3000/_next/static/chunks/node_modules_next_dist_115brz8._.js:3272
[ 2031639ms] [ERROR] ./src/components/SiteHeader.tsx:142:7
the name `SOCIAL_LINKS` is defined multiple times
  140 | }
  141 |
> 142 | const SOCIAL_LINKS = [
      |       ^^^^^^^^^^^^
  143 |   { icon: WhatsAppIcon, href: SOCIAL_URLS.whatsapp, label: "WhatsApp" },
  144 |   { icon: InstagramIcon, href: SOCIAL_URLS.instagram, label: "Instagram" },
  145 |   { icon: TelegramIcon, href: SOCIAL_URLS.telegram, label: "Telegram" },

Ecmascript file had an error

Import trace:
  Server Component:
    ./src/components/SiteHeader.tsx
    ./src/app/[locale]/page.tsx @ http://localhost:3000/_next/static/chunks/node_modules_next_dist_115brz8._.js:3272
[ 2031702ms] [ERROR] ./src/components/SiteHeader.tsx:142:7
the name `SOCIAL_LINKS` is defined multiple times
  140 | }
  141 |
> 142 | const SOCIAL_LINKS = [
      |       ^^^^^^^^^^^^
  143 |   { icon: WhatsAppIcon, href: SOCIAL_URLS.whatsapp, label: "WhatsApp" },
  144 |   { icon: InstagramIcon, href: SOCIAL_URLS.instagram, label: "Instagram" },
  145 |   { icon: TelegramIcon, href: SOCIAL_URLS.telegram, label: "Telegram" },

Ecmascript file had an error

Import trace:
  Server Component:
    ./src/components/SiteHeader.tsx
    ./src/app/[locale]/page.tsx @ http://localhost:3000/_next/static/chunks/node_modules_next_dist_115brz8._.js:3272
[ 2031763ms] [ERROR] ./src/components/SiteHeader.tsx:142:7
the name `SOCIAL_LINKS` is defined multiple times
  140 | }
  141 |
> 142 | const SOCIAL_LINKS = [
      |       ^^^^^^^^^^^^
  143 |   { icon: WhatsAppIcon, href: SOCIAL_URLS.whatsapp, label: "WhatsApp" },
  144 |   { icon: InstagramIcon, href: SOCIAL_URLS.instagram, label: "Instagram" },
  145 |   { icon: TelegramIcon, href: SOCIAL_URLS.telegram, label: "Telegram" },

Ecmascript file had an error

Import trace:
  Server Component:
    ./src/components/SiteHeader.tsx
    ./src/app/[locale]/page.tsx @ http://localhost:3000/_next/static/chunks/node_modules_next_dist_115brz8._.js:3272
[ 2031824ms] [ERROR] ./src/components/SiteHeader.tsx:142:7
the name `SOCIAL_LINKS` is defined multiple times
  140 | }
  141 |
> 142 | const SOCIAL_LINKS = [
      |       ^^^^^^^^^^^^
  143 |   { icon: WhatsAppIcon, href: SOCIAL_URLS.whatsapp, label: "WhatsApp" },
  144 |   { icon: InstagramIcon, href: SOCIAL_URLS.instagram, label: "Instagram" },
  145 |   { icon: TelegramIcon, href: SOCIAL_URLS.telegram, label: "Telegram" },

Ecmascript file had an error

Import trace:
  Server Component:
    ./src/components/SiteHeader.tsx
    ./src/app/[locale]/page.tsx @ http://localhost:3000/_next/static/chunks/node_modules_next_dist_115brz8._.js:3272
[ 2031884ms] [ERROR] ./src/components/SiteHeader.tsx:142:7
the name `SOCIAL_LINKS` is defined multiple times
  140 | }
  141 |
> 142 | const SOCIAL_LINKS = [
      |       ^^^^^^^^^^^^
  143 |   { icon: WhatsAppIcon, href: SOCIAL_URLS.whatsapp, label: "WhatsApp" },
  144 |   { icon: InstagramIcon, href: SOCIAL_URLS.instagram, label: "Instagram" },
  145 |   { icon: TelegramIcon, href: SOCIAL_URLS.telegram, label: "Telegram" },

Ecmascript file had an error

Import trace:
  Server Component:
    ./src/components/SiteHeader.tsx
    ./src/app/[locale]/page.tsx @ http://localhost:3000/_next/static/chunks/node_modules_next_dist_115brz8._.js:3272
[ 2031945ms] [ERROR] ./src/components/SiteHeader.tsx:142:7
the name `SOCIAL_LINKS` is defined multiple times
  140 | }
  141 |
> 142 | const SOCIAL_LINKS = [
      |       ^^^^^^^^^^^^
  143 |   { icon: WhatsAppIcon, href: SOCIAL_URLS.whatsapp, label: "WhatsApp" },
  144 |   { icon: InstagramIcon, href: SOCIAL_URLS.instagram, label: "Instagram" },
  145 |   { icon: TelegramIcon, href: SOCIAL_URLS.telegram, label: "Telegram" },

Ecmascript file had an error

Import trace:
  Server Component:
    ./src/components/SiteHeader.tsx
    ./src/app/[locale]/page.tsx @ http://localhost:3000/_next/static/chunks/node_modules_next_dist_115brz8._.js:3272
[ 2032005ms] [ERROR] ./src/components/SiteHeader.tsx:142:7
the name `SOCIAL_LINKS` is defined multiple times
  140 | }
  141 |
> 142 | const SOCIAL_LINKS = [
      |       ^^^^^^^^^^^^
  143 |   { icon: WhatsAppIcon, href: SOCIAL_URLS.whatsapp, label: "WhatsApp" },
  144 |   { icon: InstagramIcon, href: SOCIAL_URLS.instagram, label: "Instagram" },
  145 |   { icon: TelegramIcon, href: SOCIAL_URLS.telegram, label: "Telegram" },

Ecmascript file had an error

Import trace:
  Server Component:
    ./src/components/SiteHeader.tsx
    ./src/app/[locale]/page.tsx @ http://localhost:3000/_next/static/chunks/node_modules_next_dist_115brz8._.js:3272
[ 2032065ms] [ERROR] ./src/components/SiteHeader.tsx:142:7
the name `SOCIAL_LINKS` is defined multiple times
  140 | }
  141 |
> 142 | const SOCIAL_LINKS = [
      |       ^^^^^^^^^^^^
  143 |   { icon: WhatsAppIcon, href: SOCIAL_URLS.whatsapp, label: "WhatsApp" },
  144 |   { icon: InstagramIcon, href: SOCIAL_URLS.instagram, label: "Instagram" },
  145 |   { icon: TelegramIcon, href: SOCIAL_URLS.telegram, label: "Telegram" },

Ecmascript file had an error

Import trace:
  Server Component:
    ./src/components/SiteHeader.tsx
    ./src/app/[locale]/page.tsx @ http://localhost:3000/_next/static/chunks/node_modules_next_dist_115brz8._.js:3272
[ 2032127ms] [ERROR] ./src/components/SiteHeader.tsx:142:7
the name `SOCIAL_LINKS` is defined multiple times
  140 | }
  141 |
> 142 | const SOCIAL_LINKS = [
      |       ^^^^^^^^^^^^
  143 |   { icon: WhatsAppIcon, href: SOCIAL_URLS.whatsapp, label: "WhatsApp" },
  144 |   { icon: InstagramIcon, href: SOCIAL_URLS.instagram, label: "Instagram" },
  145 |   { icon: TelegramIcon, href: SOCIAL_URLS.telegram, label: "Telegram" },

Ecmascript file had an error

Import trace:
  Server Component:
    ./src/components/SiteHeader.tsx
    ./src/app/[locale]/page.tsx @ http://localhost:3000/_next/static/chunks/node_modules_next_dist_115brz8._.js:3272
[ 2032187ms] [ERROR] ./src/components/SiteHeader.tsx:142:7
the name `SOCIAL_LINKS` is defined multiple times
  140 | }
  141 |
> 142 | const SOCIAL_LINKS = [
      |       ^^^^^^^^^^^^
  143 |   { icon: WhatsAppIcon, href: SOCIAL_URLS.whatsapp, label: "WhatsApp" },
  144 |   { icon: InstagramIcon, href: SOCIAL_URLS.instagram, label: "Instagram" },
  145 |   { icon: TelegramIcon, href: SOCIAL_URLS.telegram, label: "Telegram" },

Ecmascript file had an error

Import trace:
  Server Component:
    ./src/components/SiteHeader.tsx
    ./src/app/[locale]/page.tsx @ http://localhost:3000/_next/static/chunks/node_modules_next_dist_115brz8._.js:3272
[ 2032248ms] [ERROR] ./src/components/SiteHeader.tsx:142:7
the name `SOCIAL_LINKS` is defined multiple times
  140 | }
  141 |
> 142 | const SOCIAL_LINKS = [
      |       ^^^^^^^^^^^^
  143 |   { icon: WhatsAppIcon, href: SOCIAL_URLS.whatsapp, label: "WhatsApp" },
  144 |   { icon: InstagramIcon, href: SOCIAL_URLS.instagram, label: "Instagram" },
  145 |   { icon: TelegramIcon, href: SOCIAL_URLS.telegram, label: "Telegram" },

Ecmascript file had an error

Import trace:
  Server Component:
    ./src/components/SiteHeader.tsx
    ./src/app/[locale]/page.tsx @ http://localhost:3000/_next/static/chunks/node_modules_next_dist_115brz8._.js:3272
[ 2032310ms] [ERROR] ./src/components/SiteHeader.tsx:142:7
the name `SOCIAL_LINKS` is defined multiple times
  140 | }
  141 |
> 142 | const SOCIAL_LINKS = [
      |       ^^^^^^^^^^^^
  143 |   { icon: WhatsAppIcon, href: SOCIAL_URLS.whatsapp, label: "WhatsApp" },
  144 |   { icon: InstagramIcon, href: SOCIAL_URLS.instagram, label: "Instagram" },
  145 |   { icon: TelegramIcon, href: SOCIAL_URLS.telegram, label: "Telegram" },

Ecmascript file had an error

Import trace:
  Server Component:
    ./src/components/SiteHeader.tsx
    ./src/app/[locale]/page.tsx @ http://localhost:3000/_next/static/chunks/node_modules_next_dist_115brz8._.js:3272
[ 2032370ms] [ERROR] ./src/components/SiteHeader.tsx:142:7
the name `SOCIAL_LINKS` is defined multiple times
  140 | }
  141 |
> 142 | const SOCIAL_LINKS = [
      |       ^^^^^^^^^^^^
  143 |   { icon: WhatsAppIcon, href: SOCIAL_URLS.whatsapp, label: "WhatsApp" },
  144 |   { icon: InstagramIcon, href: SOCIAL_URLS.instagram, label: "Instagram" },
  145 |   { icon: TelegramIcon, href: SOCIAL_URLS.telegram, label: "Telegram" },

Ecmascript file had an error

Import trace:
  Server Component:
    ./src/components/SiteHeader.tsx
    ./src/app/[locale]/page.tsx @ http://localhost:3000/_next/static/chunks/node_modules_next_dist_115brz8._.js:3272
[ 2032432ms] [ERROR] ./src/components/SiteHeader.tsx:142:7
the name `SOCIAL_LINKS` is defined multiple times
  140 | }
  141 |
> 142 | const SOCIAL_LINKS = [
      |       ^^^^^^^^^^^^
  143 |   { icon: WhatsAppIcon, href: SOCIAL_URLS.whatsapp, label: "WhatsApp" },
  144 |   { icon: InstagramIcon, href: SOCIAL_URLS.instagram, label: "Instagram" },
  145 |   { icon: TelegramIcon, href: SOCIAL_URLS.telegram, label: "Telegram" },

Ecmascript file had an error

Import trace:
  Server Component:
    ./src/components/SiteHeader.tsx
    ./src/app/[locale]/page.tsx @ http://localhost:3000/_next/static/chunks/node_modules_next_dist_115brz8._.js:3272
[ 2032492ms] [ERROR] ./src/components/SiteHeader.tsx:142:7
the name `SOCIAL_LINKS` is defined multiple times
  140 | }
  141 |
> 142 | const SOCIAL_LINKS = [
      |       ^^^^^^^^^^^^
  143 |   { icon: WhatsAppIcon, href: SOCIAL_URLS.whatsapp, label: "WhatsApp" },
  144 |   { icon: InstagramIcon, href: SOCIAL_URLS.instagram, label: "Instagram" },
  145 |   { icon: TelegramIcon, href: SOCIAL_URLS.telegram, label: "Telegram" },

Ecmascript file had an error

Import trace:
  Server Component:
    ./src/components/SiteHeader.tsx
    ./src/app/[locale]/page.tsx @ http://localhost:3000/_next/static/chunks/node_modules_next_dist_115brz8._.js:3272
[ 2032552ms] [ERROR] ./src/components/SiteHeader.tsx:142:7
the name `SOCIAL_LINKS` is defined multiple times
  140 | }
  141 |
> 142 | const SOCIAL_LINKS = [
      |       ^^^^^^^^^^^^
  143 |   { icon: WhatsAppIcon, href: SOCIAL_URLS.whatsapp, label: "WhatsApp" },
  144 |   { icon: InstagramIcon, href: SOCIAL_URLS.instagram, label: "Instagram" },
  145 |   { icon: TelegramIcon, href: SOCIAL_URLS.telegram, label: "Telegram" },

Ecmascript file had an error

Import trace:
  Server Component:
    ./src/components/SiteHeader.tsx
    ./src/app/[locale]/page.tsx @ http://localhost:3000/_next/static/chunks/node_modules_next_dist_115brz8._.js:3272
[ 2032613ms] [ERROR] ./src/components/SiteHeader.tsx:142:7
the name `SOCIAL_LINKS` is defined multiple times
  140 | }
  141 |
> 142 | const SOCIAL_LINKS = [
      |       ^^^^^^^^^^^^
  143 |   { icon: WhatsAppIcon, href: SOCIAL_URLS.whatsapp, label: "WhatsApp" },
  144 |   { icon: InstagramIcon, href: SOCIAL_URLS.instagram, label: "Instagram" },
  145 |   { icon: TelegramIcon, href: SOCIAL_URLS.telegram, label: "Telegram" },

Ecmascript file had an error

Import trace:
  Server Component:
    ./src/components/SiteHeader.tsx
    ./src/app/[locale]/page.tsx @ http://localhost:3000/_next/static/chunks/node_modules_next_dist_115brz8._.js:3272
[ 2032674ms] [ERROR] ./src/components/SiteHeader.tsx:142:7
the name `SOCIAL_LINKS` is defined multiple times
  140 | }
  141 |
> 142 | const SOCIAL_LINKS = [
      |       ^^^^^^^^^^^^
  143 |   { icon: WhatsAppIcon, href: SOCIAL_URLS.whatsapp, label: "WhatsApp" },
  144 |   { icon: InstagramIcon, href: SOCIAL_URLS.instagram, label: "Instagram" },
  145 |   { icon: TelegramIcon, href: SOCIAL_URLS.telegram, label: "Telegram" },

Ecmascript file had an error

Import trace:
  Server Component:
    ./src/components/SiteHeader.tsx
    ./src/app/[locale]/page.tsx @ http://localhost:3000/_next/static/chunks/node_modules_next_dist_115brz8._.js:3272
[ 2032736ms] [ERROR] ./src/components/SiteHeader.tsx:142:7
the name `SOCIAL_LINKS` is defined multiple times
  140 | }
  141 |
> 142 | const SOCIAL_LINKS = [
      |       ^^^^^^^^^^^^
  143 |   { icon: WhatsAppIcon, href: SOCIAL_URLS.whatsapp, label: "WhatsApp" },
  144 |   { icon: InstagramIcon, href: SOCIAL_URLS.instagram, label: "Instagram" },
  145 |   { icon: TelegramIcon, href: SOCIAL_URLS.telegram, label: "Telegram" },

Ecmascript file had an error

Import trace:
  Server Component:
    ./src/components/SiteHeader.tsx
    ./src/app/[locale]/page.tsx @ http://localhost:3000/_next/static/chunks/node_modules_next_dist_115brz8._.js:3272
[ 2032796ms] [ERROR] ./src/components/SiteHeader.tsx:142:7
the name `SOCIAL_LINKS` is defined multiple times
  140 | }
  141 |
> 142 | const SOCIAL_LINKS = [
      |       ^^^^^^^^^^^^
  143 |   { icon: WhatsAppIcon, href: SOCIAL_URLS.whatsapp, label: "WhatsApp" },
  144 |   { icon: InstagramIcon, href: SOCIAL_URLS.instagram, label: "Instagram" },
  145 |   { icon: TelegramIcon, href: SOCIAL_URLS.telegram, label: "Telegram" },

Ecmascript file had an error

Import trace:
  Server Component:
    ./src/components/SiteHeader.tsx
    ./src/app/[locale]/page.tsx @ http://localhost:3000/_next/static/chunks/node_modules_next_dist_115brz8._.js:3272
[ 2032857ms] [ERROR] ./src/components/SiteHeader.tsx:142:7
the name `SOCIAL_LINKS` is defined multiple times
  140 | }
  141 |
> 142 | const SOCIAL_LINKS = [
      |       ^^^^^^^^^^^^
  143 |   { icon: WhatsAppIcon, href: SOCIAL_URLS.whatsapp, label: "WhatsApp" },
  144 |   { icon: InstagramIcon, href: SOCIAL_URLS.instagram, label: "Instagram" },
  145 |   { icon: TelegramIcon, href: SOCIAL_URLS.telegram, label: "Telegram" },

Ecmascript file had an error

Import trace:
  Server Component:
    ./src/components/SiteHeader.tsx
    ./src/app/[locale]/page.tsx @ http://localhost:3000/_next/static/chunks/node_modules_next_dist_115brz8._.js:3272
[ 2032918ms] [ERROR] ./src/components/SiteHeader.tsx:142:7
the name `SOCIAL_LINKS` is defined multiple times
  140 | }
  141 |
> 142 | const SOCIAL_LINKS = [
      |       ^^^^^^^^^^^^
  143 |   { icon: WhatsAppIcon, href: SOCIAL_URLS.whatsapp, label: "WhatsApp" },
  144 |   { icon: InstagramIcon, href: SOCIAL_URLS.instagram, label: "Instagram" },
  145 |   { icon: TelegramIcon, href: SOCIAL_URLS.telegram, label: "Telegram" },

Ecmascript file had an error

Import trace:
  Server Component:
    ./src/components/SiteHeader.tsx
    ./src/app/[locale]/page.tsx @ http://localhost:3000/_next/static/chunks/node_modules_next_dist_115brz8._.js:3272
[ 2032978ms] [ERROR] ./src/components/SiteHeader.tsx:142:7
the name `SOCIAL_LINKS` is defined multiple times
  140 | }
  141 |
> 142 | const SOCIAL_LINKS = [
      |       ^^^^^^^^^^^^
  143 |   { icon: WhatsAppIcon, href: SOCIAL_URLS.whatsapp, label: "WhatsApp" },
  144 |   { icon: InstagramIcon, href: SOCIAL_URLS.instagram, label: "Instagram" },
  145 |   { icon: TelegramIcon, href: SOCIAL_URLS.telegram, label: "Telegram" },

Ecmascript file had an error

Import trace:
  Server Component:
    ./src/components/SiteHeader.tsx
    ./src/app/[locale]/page.tsx @ http://localhost:3000/_next/static/chunks/node_modules_next_dist_115brz8._.js:3272
[ 2033038ms] [ERROR] ./src/components/SiteHeader.tsx:142:7
the name `SOCIAL_LINKS` is defined multiple times
  140 | }
  141 |
> 142 | const SOCIAL_LINKS = [
      |       ^^^^^^^^^^^^
  143 |   { icon: WhatsAppIcon, href: SOCIAL_URLS.whatsapp, label: "WhatsApp" },
  144 |   { icon: InstagramIcon, href: SOCIAL_URLS.instagram, label: "Instagram" },
  145 |   { icon: TelegramIcon, href: SOCIAL_URLS.telegram, label: "Telegram" },

Ecmascript file had an error

Import trace:
  Server Component:
    ./src/components/SiteHeader.tsx
    ./src/app/[locale]/page.tsx @ http://localhost:3000/_next/static/chunks/node_modules_next_dist_115brz8._.js:3272
[ 2033100ms] [ERROR] ./src/components/SiteHeader.tsx:142:7
the name `SOCIAL_LINKS` is defined multiple times
  140 | }
  141 |
> 142 | const SOCIAL_LINKS = [
      |       ^^^^^^^^^^^^
  143 |   { icon: WhatsAppIcon, href: SOCIAL_URLS.whatsapp, label: "WhatsApp" },
  144 |   { icon: InstagramIcon, href: SOCIAL_URLS.instagram, label: "Instagram" },
  145 |   { icon: TelegramIcon, href: SOCIAL_URLS.telegram, label: "Telegram" },

Ecmascript file had an error

Import trace:
  Server Component:
    ./src/components/SiteHeader.tsx
    ./src/app/[locale]/page.tsx @ http://localhost:3000/_next/static/chunks/node_modules_next_dist_115brz8._.js:3272
[ 2033161ms] [ERROR] ./src/components/SiteHeader.tsx:142:7
the name `SOCIAL_LINKS` is defined multiple times
  140 | }
  141 |
> 142 | const SOCIAL_LINKS = [
      |       ^^^^^^^^^^^^
  143 |   { icon: WhatsAppIcon, href: SOCIAL_URLS.whatsapp, label: "WhatsApp" },
  144 |   { icon: InstagramIcon, href: SOCIAL_URLS.instagram, label: "Instagram" },
  145 |   { icon: TelegramIcon, href: SOCIAL_URLS.telegram, label: "Telegram" },

Ecmascript file had an error

Import trace:
  Server Component:
    ./src/components/SiteHeader.tsx
    ./src/app/[locale]/page.tsx @ http://localhost:3000/_next/static/chunks/node_modules_next_dist_115brz8._.js:3272
[ 2033222ms] [ERROR] ./src/components/SiteHeader.tsx:142:7
the name `SOCIAL_LINKS` is defined multiple times
  140 | }
  141 |
> 142 | const SOCIAL_LINKS = [
      |       ^^^^^^^^^^^^
  143 |   { icon: WhatsAppIcon, href: SOCIAL_URLS.whatsapp, label: "WhatsApp" },
  144 |   { icon: InstagramIcon, href: SOCIAL_URLS.instagram, label: "Instagram" },
  145 |   { icon: TelegramIcon, href: SOCIAL_URLS.telegram, label: "Telegram" },

Ecmascript file had an error

Import trace:
  Server Component:
    ./src/components/SiteHeader.tsx
    ./src/app/[locale]/page.tsx @ http://localhost:3000/_next/static/chunks/node_modules_next_dist_115brz8._.js:3272
[ 2033284ms] [ERROR] ./src/components/SiteHeader.tsx:142:7
the name `SOCIAL_LINKS` is defined multiple times
  140 | }
  141 |
> 142 | const SOCIAL_LINKS = [
      |       ^^^^^^^^^^^^
  143 |   { icon: WhatsAppIcon, href: SOCIAL_URLS.whatsapp, label: "WhatsApp" },
  144 |   { icon: InstagramIcon, href: SOCIAL_URLS.instagram, label: "Instagram" },
  145 |   { icon: TelegramIcon, href: SOCIAL_URLS.telegram, label: "Telegram" },

Ecmascript file had an error

Import trace:
  Server Component:
    ./src/components/SiteHeader.tsx
    ./src/app/[locale]/page.tsx @ http://localhost:3000/_next/static/chunks/node_modules_next_dist_115brz8._.js:3272
[ 2033343ms] [ERROR] ./src/components/SiteHeader.tsx:142:7
the name `SOCIAL_LINKS` is defined multiple times
  140 | }
  141 |
> 142 | const SOCIAL_LINKS = [
      |       ^^^^^^^^^^^^
  143 |   { icon: WhatsAppIcon, href: SOCIAL_URLS.whatsapp, label: "WhatsApp" },
  144 |   { icon: InstagramIcon, href: SOCIAL_URLS.instagram, label: "Instagram" },
  145 |   { icon: TelegramIcon, href: SOCIAL_URLS.telegram, label: "Telegram" },

Ecmascript file had an error

Import trace:
  Server Component:
    ./src/components/SiteHeader.tsx
    ./src/app/[locale]/page.tsx @ http://localhost:3000/_next/static/chunks/node_modules_next_dist_115brz8._.js:3272
[ 2033405ms] [ERROR] ./src/components/SiteHeader.tsx:142:7
the name `SOCIAL_LINKS` is defined multiple times
  140 | }
  141 |
> 142 | const SOCIAL_LINKS = [
      |       ^^^^^^^^^^^^
  143 |   { icon: WhatsAppIcon, href: SOCIAL_URLS.whatsapp, label: "WhatsApp" },
  144 |   { icon: InstagramIcon, href: SOCIAL_URLS.instagram, label: "Instagram" },
  145 |   { icon: TelegramIcon, href: SOCIAL_URLS.telegram, label: "Telegram" },

Ecmascript file had an error

Import trace:
  Server Component:
    ./src/components/SiteHeader.tsx
    ./src/app/[locale]/page.tsx @ http://localhost:3000/_next/static/chunks/node_modules_next_dist_115brz8._.js:3272
[ 2033465ms] [ERROR] ./src/components/SiteHeader.tsx:142:7
the name `SOCIAL_LINKS` is defined multiple times
  140 | }
  141 |
> 142 | const SOCIAL_LINKS = [
      |       ^^^^^^^^^^^^
  143 |   { icon: WhatsAppIcon, href: SOCIAL_URLS.whatsapp, label: "WhatsApp" },
  144 |   { icon: InstagramIcon, href: SOCIAL_URLS.instagram, label: "Instagram" },
  145 |   { icon: TelegramIcon, href: SOCIAL_URLS.telegram, label: "Telegram" },

Ecmascript file had an error

Import trace:
  Server Component:
    ./src/components/SiteHeader.tsx
    ./src/app/[locale]/page.tsx @ http://localhost:3000/_next/static/chunks/node_modules_next_dist_115brz8._.js:3272
[ 2033525ms] [ERROR] ./src/components/SiteHeader.tsx:142:7
the name `SOCIAL_LINKS` is defined multiple times
  140 | }
  141 |
> 142 | const SOCIAL_LINKS = [
      |       ^^^^^^^^^^^^
  143 |   { icon: WhatsAppIcon, href: SOCIAL_URLS.whatsapp, label: "WhatsApp" },
  144 |   { icon: InstagramIcon, href: SOCIAL_URLS.instagram, label: "Instagram" },
  145 |   { icon: TelegramIcon, href: SOCIAL_URLS.telegram, label: "Telegram" },

Ecmascript file had an error

Import trace:
  Server Component:
    ./src/components/SiteHeader.tsx
    ./src/app/[locale]/page.tsx @ http://localhost:3000/_next/static/chunks/node_modules_next_dist_115brz8._.js:3272
[ 2033586ms] [ERROR] ./src/components/SiteHeader.tsx:142:7
the name `SOCIAL_LINKS` is defined multiple times
  140 | }
  141 |
> 142 | const SOCIAL_LINKS = [
      |       ^^^^^^^^^^^^
  143 |   { icon: WhatsAppIcon, href: SOCIAL_URLS.whatsapp, label: "WhatsApp" },
  144 |   { icon: InstagramIcon, href: SOCIAL_URLS.instagram, label: "Instagram" },
  145 |   { icon: TelegramIcon, href: SOCIAL_URLS.telegram, label: "Telegram" },

Ecmascript file had an error

Import trace:
  Server Component:
    ./src/components/SiteHeader.tsx
    ./src/app/[locale]/page.tsx @ http://localhost:3000/_next/static/chunks/node_modules_next_dist_115brz8._.js:3272
[ 2033647ms] [ERROR] ./src/components/SiteHeader.tsx:142:7
the name `SOCIAL_LINKS` is defined multiple times
  140 | }
  141 |
> 142 | const SOCIAL_LINKS = [
      |       ^^^^^^^^^^^^
  143 |   { icon: WhatsAppIcon, href: SOCIAL_URLS.whatsapp, label: "WhatsApp" },
  144 |   { icon: InstagramIcon, href: SOCIAL_URLS.instagram, label: "Instagram" },
  145 |   { icon: TelegramIcon, href: SOCIAL_URLS.telegram, label: "Telegram" },

Ecmascript file had an error

Import trace:
  Server Component:
    ./src/components/SiteHeader.tsx
    ./src/app/[locale]/page.tsx @ http://localhost:3000/_next/static/chunks/node_modules_next_dist_115brz8._.js:3272
[ 2033708ms] [ERROR] ./src/components/SiteHeader.tsx:142:7
the name `SOCIAL_LINKS` is defined multiple times
  140 | }
  141 |
> 142 | const SOCIAL_LINKS = [
      |       ^^^^^^^^^^^^
  143 |   { icon: WhatsAppIcon, href: SOCIAL_URLS.whatsapp, label: "WhatsApp" },
  144 |   { icon: InstagramIcon, href: SOCIAL_URLS.instagram, label: "Instagram" },
  145 |   { icon: TelegramIcon, href: SOCIAL_URLS.telegram, label: "Telegram" },

Ecmascript file had an error

Import trace:
  Server Component:
    ./src/components/SiteHeader.tsx
    ./src/app/[locale]/page.tsx @ http://localhost:3000/_next/static/chunks/node_modules_next_dist_115brz8._.js:3272
[ 2033769ms] [ERROR] ./src/components/SiteHeader.tsx:142:7
the name `SOCIAL_LINKS` is defined multiple times
  140 | }
  141 |
> 142 | const SOCIAL_LINKS = [
      |       ^^^^^^^^^^^^
  143 |   { icon: WhatsAppIcon, href: SOCIAL_URLS.whatsapp, label: "WhatsApp" },
  144 |   { icon: InstagramIcon, href: SOCIAL_URLS.instagram, label: "Instagram" },
  145 |   { icon: TelegramIcon, href: SOCIAL_URLS.telegram, label: "Telegram" },

Ecmascript file had an error

Import trace:
  Server Component:
    ./src/components/SiteHeader.tsx
    ./src/app/[locale]/page.tsx @ http://localhost:3000/_next/static/chunks/node_modules_next_dist_115brz8._.js:3272
[ 2033830ms] [ERROR] ./src/components/SiteHeader.tsx:142:7
the name `SOCIAL_LINKS` is defined multiple times
  140 | }
  141 |
> 142 | const SOCIAL_LINKS = [
      |       ^^^^^^^^^^^^
  143 |   { icon: WhatsAppIcon, href: SOCIAL_URLS.whatsapp, label: "WhatsApp" },
  144 |   { icon: InstagramIcon, href: SOCIAL_URLS.instagram, label: "Instagram" },
  145 |   { icon: TelegramIcon, href: SOCIAL_URLS.telegram, label: "Telegram" },

Ecmascript file had an error

Import trace:
  Server Component:
    ./src/components/SiteHeader.tsx
    ./src/app/[locale]/page.tsx @ http://localhost:3000/_next/static/chunks/node_modules_next_dist_115brz8._.js:3272
[ 2033890ms] [ERROR] ./src/components/SiteHeader.tsx:142:7
the name `SOCIAL_LINKS` is defined multiple times
  140 | }
  141 |
> 142 | const SOCIAL_LINKS = [
      |       ^^^^^^^^^^^^
  143 |   { icon: WhatsAppIcon, href: SOCIAL_URLS.whatsapp, label: "WhatsApp" },
  144 |   { icon: InstagramIcon, href: SOCIAL_URLS.instagram, label: "Instagram" },
  145 |   { icon: TelegramIcon, href: SOCIAL_URLS.telegram, label: "Telegram" },

Ecmascript file had an error

Import trace:
  Server Component:
    ./src/components/SiteHeader.tsx
    ./src/app/[locale]/page.tsx @ http://localhost:3000/_next/static/chunks/node_modules_next_dist_115brz8._.js:3272
[ 2033950ms] [ERROR] ./src/components/SiteHeader.tsx:142:7
the name `SOCIAL_LINKS` is defined multiple times
  140 | }
  141 |
> 142 | const SOCIAL_LINKS = [
      |       ^^^^^^^^^^^^
  143 |   { icon: WhatsAppIcon, href: SOCIAL_URLS.whatsapp, label: "WhatsApp" },
  144 |   { icon: InstagramIcon, href: SOCIAL_URLS.instagram, label: "Instagram" },
  145 |   { icon: TelegramIcon, href: SOCIAL_URLS.telegram, label: "Telegram" },

Ecmascript file had an error

Import trace:
  Server Component:
    ./src/components/SiteHeader.tsx
    ./src/app/[locale]/page.tsx @ http://localhost:3000/_next/static/chunks/node_modules_next_dist_115brz8._.js:3272
[ 2034010ms] [ERROR] ./src/components/SiteHeader.tsx:142:7
the name `SOCIAL_LINKS` is defined multiple times
  140 | }
  141 |
> 142 | const SOCIAL_LINKS = [
      |       ^^^^^^^^^^^^
  143 |   { icon: WhatsAppIcon, href: SOCIAL_URLS.whatsapp, label: "WhatsApp" },
  144 |   { icon: InstagramIcon, href: SOCIAL_URLS.instagram, label: "Instagram" },
  145 |   { icon: TelegramIcon, href: SOCIAL_URLS.telegram, label: "Telegram" },

Ecmascript file had an error

Import trace:
  Server Component:
    ./src/components/SiteHeader.tsx
    ./src/app/[locale]/page.tsx @ http://localhost:3000/_next/static/chunks/node_modules_next_dist_115brz8._.js:3272
[ 2034072ms] [ERROR] ./src/components/SiteHeader.tsx:142:7
the name `SOCIAL_LINKS` is defined multiple times
  140 | }
  141 |
> 142 | const SOCIAL_LINKS = [
      |       ^^^^^^^^^^^^
  143 |   { icon: WhatsAppIcon, href: SOCIAL_URLS.whatsapp, label: "WhatsApp" },
  144 |   { icon: InstagramIcon, href: SOCIAL_URLS.instagram, label: "Instagram" },
  145 |   { icon: TelegramIcon, href: SOCIAL_URLS.telegram, label: "Telegram" },

Ecmascript file had an error

Import trace:
  Server Component:
    ./src/components/SiteHeader.tsx
    ./src/app/[locale]/page.tsx @ http://localhost:3000/_next/static/chunks/node_modules_next_dist_115brz8._.js:3272
[ 2034132ms] [ERROR] ./src/components/SiteHeader.tsx:142:7
the name `SOCIAL_LINKS` is defined multiple times
  140 | }
  141 |
> 142 | const SOCIAL_LINKS = [
      |       ^^^^^^^^^^^^
  143 |   { icon: WhatsAppIcon, href: SOCIAL_URLS.whatsapp, label: "WhatsApp" },
  144 |   { icon: InstagramIcon, href: SOCIAL_URLS.instagram, label: "Instagram" },
  145 |   { icon: TelegramIcon, href: SOCIAL_URLS.telegram, label: "Telegram" },

Ecmascript file had an error

Import trace:
  Server Component:
    ./src/components/SiteHeader.tsx
    ./src/app/[locale]/page.tsx @ http://localhost:3000/_next/static/chunks/node_modules_next_dist_115brz8._.js:3272
[ 2034192ms] [ERROR] ./src/components/SiteHeader.tsx:142:7
the name `SOCIAL_LINKS` is defined multiple times
  140 | }
  141 |
> 142 | const SOCIAL_LINKS = [
      |       ^^^^^^^^^^^^
  143 |   { icon: WhatsAppIcon, href: SOCIAL_URLS.whatsapp, label: "WhatsApp" },
  144 |   { icon: InstagramIcon, href: SOCIAL_URLS.instagram, label: "Instagram" },
  145 |   { icon: TelegramIcon, href: SOCIAL_URLS.telegram, label: "Telegram" },

Ecmascript file had an error

Import trace:
  Server Component:
    ./src/components/SiteHeader.tsx
    ./src/app/[locale]/page.tsx @ http://localhost:3000/_next/static/chunks/node_modules_next_dist_115brz8._.js:3272
[ 2034252ms] [ERROR] ./src/components/SiteHeader.tsx:142:7
the name `SOCIAL_LINKS` is defined multiple times
  140 | }
  141 |
> 142 | const SOCIAL_LINKS = [
      |       ^^^^^^^^^^^^
  143 |   { icon: WhatsAppIcon, href: SOCIAL_URLS.whatsapp, label: "WhatsApp" },
  144 |   { icon: InstagramIcon, href: SOCIAL_URLS.instagram, label: "Instagram" },
  145 |   { icon: TelegramIcon, href: SOCIAL_URLS.telegram, label: "Telegram" },

Ecmascript file had an error

Import trace:
  Server Component:
    ./src/components/SiteHeader.tsx
    ./src/app/[locale]/page.tsx @ http://localhost:3000/_next/static/chunks/node_modules_next_dist_115brz8._.js:3272
[ 2034313ms] [ERROR] ./src/components/SiteHeader.tsx:142:7
the name `SOCIAL_LINKS` is defined multiple times
  140 | }
  141 |
> 142 | const SOCIAL_LINKS = [
      |       ^^^^^^^^^^^^
  143 |   { icon: WhatsAppIcon, href: SOCIAL_URLS.whatsapp, label: "WhatsApp" },
  144 |   { icon: InstagramIcon, href: SOCIAL_URLS.instagram, label: "Instagram" },
  145 |   { icon: TelegramIcon, href: SOCIAL_URLS.telegram, label: "Telegram" },

Ecmascript file had an error

Import trace:
  Server Component:
    ./src/components/SiteHeader.tsx
    ./src/app/[locale]/page.tsx @ http://localhost:3000/_next/static/chunks/node_modules_next_dist_115brz8._.js:3272
[ 2034374ms] [ERROR] ./src/components/SiteHeader.tsx:142:7
the name `SOCIAL_LINKS` is defined multiple times
  140 | }
  141 |
> 142 | const SOCIAL_LINKS = [
      |       ^^^^^^^^^^^^
  143 |   { icon: WhatsAppIcon, href: SOCIAL_URLS.whatsapp, label: "WhatsApp" },
  144 |   { icon: InstagramIcon, href: SOCIAL_URLS.instagram, label: "Instagram" },
  145 |   { icon: TelegramIcon, href: SOCIAL_URLS.telegram, label: "Telegram" },

Ecmascript file had an error

Import trace:
  Server Component:
    ./src/components/SiteHeader.tsx
    ./src/app/[locale]/page.tsx @ http://localhost:3000/_next/static/chunks/node_modules_next_dist_115brz8._.js:3272
[ 2034434ms] [ERROR] ./src/components/SiteHeader.tsx:142:7
the name `SOCIAL_LINKS` is defined multiple times
  140 | }
  141 |
> 142 | const SOCIAL_LINKS = [
      |       ^^^^^^^^^^^^
  143 |   { icon: WhatsAppIcon, href: SOCIAL_URLS.whatsapp, label: "WhatsApp" },
  144 |   { icon: InstagramIcon, href: SOCIAL_URLS.instagram, label: "Instagram" },
  145 |   { icon: TelegramIcon, href: SOCIAL_URLS.telegram, label: "Telegram" },

Ecmascript file had an error

Import trace:
  Server Component:
    ./src/components/SiteHeader.tsx
    ./src/app/[locale]/page.tsx @ http://localhost:3000/_next/static/chunks/node_modules_next_dist_115brz8._.js:3272
[ 2034495ms] [ERROR] ./src/components/SiteHeader.tsx:142:7
the name `SOCIAL_LINKS` is defined multiple times
  140 | }
  141 |
> 142 | const SOCIAL_LINKS = [
      |       ^^^^^^^^^^^^
  143 |   { icon: WhatsAppIcon, href: SOCIAL_URLS.whatsapp, label: "WhatsApp" },
  144 |   { icon: InstagramIcon, href: SOCIAL_URLS.instagram, label: "Instagram" },
  145 |   { icon: TelegramIcon, href: SOCIAL_URLS.telegram, label: "Telegram" },

Ecmascript file had an error

Import trace:
  Server Component:
    ./src/components/SiteHeader.tsx
    ./src/app/[locale]/page.tsx @ http://localhost:3000/_next/static/chunks/node_modules_next_dist_115brz8._.js:3272
[ 2034555ms] [ERROR] ./src/components/SiteHeader.tsx:142:7
the name `SOCIAL_LINKS` is defined multiple times
  140 | }
  141 |
> 142 | const SOCIAL_LINKS = [
      |       ^^^^^^^^^^^^
  143 |   { icon: WhatsAppIcon, href: SOCIAL_URLS.whatsapp, label: "WhatsApp" },
  144 |   { icon: InstagramIcon, href: SOCIAL_URLS.instagram, label: "Instagram" },
  145 |   { icon: TelegramIcon, href: SOCIAL_URLS.telegram, label: "Telegram" },

Ecmascript file had an error

Import trace:
  Server Component:
    ./src/components/SiteHeader.tsx
    ./src/app/[locale]/page.tsx @ http://localhost:3000/_next/static/chunks/node_modules_next_dist_115brz8._.js:3272
[ 2034615ms] [ERROR] ./src/components/SiteHeader.tsx:142:7
the name `SOCIAL_LINKS` is defined multiple times
  140 | }
  141 |
> 142 | const SOCIAL_LINKS = [
      |       ^^^^^^^^^^^^
  143 |   { icon: WhatsAppIcon, href: SOCIAL_URLS.whatsapp, label: "WhatsApp" },
  144 |   { icon: InstagramIcon, href: SOCIAL_URLS.instagram, label: "Instagram" },
  145 |   { icon: TelegramIcon, href: SOCIAL_URLS.telegram, label: "Telegram" },

Ecmascript file had an error

Import trace:
  Server Component:
    ./src/components/SiteHeader.tsx
    ./src/app/[locale]/page.tsx @ http://localhost:3000/_next/static/chunks/node_modules_next_dist_115brz8._.js:3272
[ 2034678ms] [ERROR] ./src/components/SiteHeader.tsx:142:7
the name `SOCIAL_LINKS` is defined multiple times
  140 | }
  141 |
> 142 | const SOCIAL_LINKS = [
      |       ^^^^^^^^^^^^
  143 |   { icon: WhatsAppIcon, href: SOCIAL_URLS.whatsapp, label: "WhatsApp" },
  144 |   { icon: InstagramIcon, href: SOCIAL_URLS.instagram, label: "Instagram" },
  145 |   { icon: TelegramIcon, href: SOCIAL_URLS.telegram, label: "Telegram" },

Ecmascript file had an error

Import trace:
  Server Component:
    ./src/components/SiteHeader.tsx
    ./src/app/[locale]/page.tsx @ http://localhost:3000/_next/static/chunks/node_modules_next_dist_115brz8._.js:3272
[ 2034738ms] [ERROR] ./src/components/SiteHeader.tsx:142:7
the name `SOCIAL_LINKS` is defined multiple times
  140 | }
  141 |
> 142 | const SOCIAL_LINKS = [
      |       ^^^^^^^^^^^^
  143 |   { icon: WhatsAppIcon, href: SOCIAL_URLS.whatsapp, label: "WhatsApp" },
  144 |   { icon: InstagramIcon, href: SOCIAL_URLS.instagram, label: "Instagram" },
  145 |   { icon: TelegramIcon, href: SOCIAL_URLS.telegram, label: "Telegram" },

Ecmascript file had an error

Import trace:
  Server Component:
    ./src/components/SiteHeader.tsx
    ./src/app/[locale]/page.tsx @ http://localhost:3000/_next/static/chunks/node_modules_next_dist_115brz8._.js:3272
[ 2034799ms] [ERROR] ./src/components/SiteHeader.tsx:142:7
the name `SOCIAL_LINKS` is defined multiple times
  140 | }
  141 |
> 142 | const SOCIAL_LINKS = [
      |       ^^^^^^^^^^^^
  143 |   { icon: WhatsAppIcon, href: SOCIAL_URLS.whatsapp, label: "WhatsApp" },
  144 |   { icon: InstagramIcon, href: SOCIAL_URLS.instagram, label: "Instagram" },
  145 |   { icon: TelegramIcon, href: SOCIAL_URLS.telegram, label: "Telegram" },

Ecmascript file had an error

Import trace:
  Server Component:
    ./src/components/SiteHeader.tsx
    ./src/app/[locale]/page.tsx @ http://localhost:3000/_next/static/chunks/node_modules_next_dist_115brz8._.js:3272
[ 2034860ms] [ERROR] ./src/components/SiteHeader.tsx:142:7
the name `SOCIAL_LINKS` is defined multiple times
  140 | }
  141 |
> 142 | const SOCIAL_LINKS = [
      |       ^^^^^^^^^^^^
  143 |   { icon: WhatsAppIcon, href: SOCIAL_URLS.whatsapp, label: "WhatsApp" },
  144 |   { icon: InstagramIcon, href: SOCIAL_URLS.instagram, label: "Instagram" },
  145 |   { icon: TelegramIcon, href: SOCIAL_URLS.telegram, label: "Telegram" },

Ecmascript file had an error

Import trace:
  Server Component:
    ./src/components/SiteHeader.tsx
    ./src/app/[locale]/page.tsx @ http://localhost:3000/_next/static/chunks/node_modules_next_dist_115brz8._.js:3272
[ 2034921ms] [ERROR] ./src/components/SiteHeader.tsx:142:7
the name `SOCIAL_LINKS` is defined multiple times
  140 | }
  141 |
> 142 | const SOCIAL_LINKS = [
      |       ^^^^^^^^^^^^
  143 |   { icon: WhatsAppIcon, href: SOCIAL_URLS.whatsapp, label: "WhatsApp" },
  144 |   { icon: InstagramIcon, href: SOCIAL_URLS.instagram, label: "Instagram" },
  145 |   { icon: TelegramIcon, href: SOCIAL_URLS.telegram, label: "Telegram" },

Ecmascript file had an error

Import trace:
  Server Component:
    ./src/components/SiteHeader.tsx
    ./src/app/[locale]/page.tsx @ http://localhost:3000/_next/static/chunks/node_modules_next_dist_115brz8._.js:3272
[ 2034981ms] [ERROR] ./src/components/SiteHeader.tsx:142:7
the name `SOCIAL_LINKS` is defined multiple times
  140 | }
  141 |
> 142 | const SOCIAL_LINKS = [
      |       ^^^^^^^^^^^^
  143 |   { icon: WhatsAppIcon, href: SOCIAL_URLS.whatsapp, label: "WhatsApp" },
  144 |   { icon: InstagramIcon, href: SOCIAL_URLS.instagram, label: "Instagram" },
  145 |   { icon: TelegramIcon, href: SOCIAL_URLS.telegram, label: "Telegram" },

Ecmascript file had an error

Import trace:
  Server Component:
    ./src/components/SiteHeader.tsx
    ./src/app/[locale]/page.tsx @ http://localhost:3000/_next/static/chunks/node_modules_next_dist_115brz8._.js:3272
[ 2035043ms] [ERROR] ./src/components/SiteHeader.tsx:142:7
the name `SOCIAL_LINKS` is defined multiple times
  140 | }
  141 |
> 142 | const SOCIAL_LINKS = [
      |       ^^^^^^^^^^^^
  143 |   { icon: WhatsAppIcon, href: SOCIAL_URLS.whatsapp, label: "WhatsApp" },
  144 |   { icon: InstagramIcon, href: SOCIAL_URLS.instagram, label: "Instagram" },
  145 |   { icon: TelegramIcon, href: SOCIAL_URLS.telegram, label: "Telegram" },

Ecmascript file had an error

Import trace:
  Server Component:
    ./src/components/SiteHeader.tsx
    ./src/app/[locale]/page.tsx @ http://localhost:3000/_next/static/chunks/node_modules_next_dist_115brz8._.js:3272
[ 2035104ms] [ERROR] ./src/components/SiteHeader.tsx:142:7
the name `SOCIAL_LINKS` is defined multiple times
  140 | }
  141 |
> 142 | const SOCIAL_LINKS = [
      |       ^^^^^^^^^^^^
  143 |   { icon: WhatsAppIcon, href: SOCIAL_URLS.whatsapp, label: "WhatsApp" },
  144 |   { icon: InstagramIcon, href: SOCIAL_URLS.instagram, label: "Instagram" },
  145 |   { icon: TelegramIcon, href: SOCIAL_URLS.telegram, label: "Telegram" },

Ecmascript file had an error

Import trace:
  Server Component:
    ./src/components/SiteHeader.tsx
    ./src/app/[locale]/page.tsx @ http://localhost:3000/_next/static/chunks/node_modules_next_dist_115brz8._.js:3272
[ 2035167ms] [ERROR] ./src/components/SiteHeader.tsx:142:7
the name `SOCIAL_LINKS` is defined multiple times
  140 | }
  141 |
> 142 | const SOCIAL_LINKS = [
      |       ^^^^^^^^^^^^
  143 |   { icon: WhatsAppIcon, href: SOCIAL_URLS.whatsapp, label: "WhatsApp" },
  144 |   { icon: InstagramIcon, href: SOCIAL_URLS.instagram, label: "Instagram" },
  145 |   { icon: TelegramIcon, href: SOCIAL_URLS.telegram, label: "Telegram" },

Ecmascript file had an error

Import trace:
  Server Component:
    ./src/components/SiteHeader.tsx
    ./src/app/[locale]/page.tsx @ http://localhost:3000/_next/static/chunks/node_modules_next_dist_115brz8._.js:3272
[ 2035227ms] [ERROR] ./src/components/SiteHeader.tsx:142:7
the name `SOCIAL_LINKS` is defined multiple times
  140 | }
  141 |
> 142 | const SOCIAL_LINKS = [
      |       ^^^^^^^^^^^^
  143 |   { icon: WhatsAppIcon, href: SOCIAL_URLS.whatsapp, label: "WhatsApp" },
  144 |   { icon: InstagramIcon, href: SOCIAL_URLS.instagram, label: "Instagram" },
  145 |   { icon: TelegramIcon, href: SOCIAL_URLS.telegram, label: "Telegram" },

Ecmascript file had an error

Import trace:
  Server Component:
    ./src/components/SiteHeader.tsx
    ./src/app/[locale]/page.tsx @ http://localhost:3000/_next/static/chunks/node_modules_next_dist_115brz8._.js:3272
[ 2035289ms] [ERROR] ./src/components/SiteHeader.tsx:142:7
the name `SOCIAL_LINKS` is defined multiple times
  140 | }
  141 |
> 142 | const SOCIAL_LINKS = [
      |       ^^^^^^^^^^^^
  143 |   { icon: WhatsAppIcon, href: SOCIAL_URLS.whatsapp, label: "WhatsApp" },
  144 |   { icon: InstagramIcon, href: SOCIAL_URLS.instagram, label: "Instagram" },
  145 |   { icon: TelegramIcon, href: SOCIAL_URLS.telegram, label: "Telegram" },

Ecmascript file had an error

Import trace:
  Server Component:
    ./src/components/SiteHeader.tsx
    ./src/app/[locale]/page.tsx @ http://localhost:3000/_next/static/chunks/node_modules_next_dist_115brz8._.js:3272
[ 2035350ms] [ERROR] ./src/components/SiteHeader.tsx:142:7
the name `SOCIAL_LINKS` is defined multiple times
  140 | }
  141 |
> 142 | const SOCIAL_LINKS = [
      |       ^^^^^^^^^^^^
  143 |   { icon: WhatsAppIcon, href: SOCIAL_URLS.whatsapp, label: "WhatsApp" },
  144 |   { icon: InstagramIcon, href: SOCIAL_URLS.instagram, label: "Instagram" },
  145 |   { icon: TelegramIcon, href: SOCIAL_URLS.telegram, label: "Telegram" },

Ecmascript file had an error

Import trace:
  Server Component:
    ./src/components/SiteHeader.tsx
    ./src/app/[locale]/page.tsx @ http://localhost:3000/_next/static/chunks/node_modules_next_dist_115brz8._.js:3272
[ 2035411ms] [ERROR] ./src/components/SiteHeader.tsx:142:7
the name `SOCIAL_LINKS` is defined multiple times
  140 | }
  141 |
> 142 | const SOCIAL_LINKS = [
      |       ^^^^^^^^^^^^
  143 |   { icon: WhatsAppIcon, href: SOCIAL_URLS.whatsapp, label: "WhatsApp" },
  144 |   { icon: InstagramIcon, href: SOCIAL_URLS.instagram, label: "Instagram" },
  145 |   { icon: TelegramIcon, href: SOCIAL_URLS.telegram, label: "Telegram" },

Ecmascript file had an error

Import trace:
  Server Component:
    ./src/components/SiteHeader.tsx
    ./src/app/[locale]/page.tsx @ http://localhost:3000/_next/static/chunks/node_modules_next_dist_115brz8._.js:3272
[ 2035471ms] [ERROR] ./src/components/SiteHeader.tsx:142:7
the name `SOCIAL_LINKS` is defined multiple times
  140 | }
  141 |
> 142 | const SOCIAL_LINKS = [
      |       ^^^^^^^^^^^^
  143 |   { icon: WhatsAppIcon, href: SOCIAL_URLS.whatsapp, label: "WhatsApp" },
  144 |   { icon: InstagramIcon, href: SOCIAL_URLS.instagram, label: "Instagram" },
  145 |   { icon: TelegramIcon, href: SOCIAL_URLS.telegram, label: "Telegram" },

Ecmascript file had an error

Import trace:
  Server Component:
    ./src/components/SiteHeader.tsx
    ./src/app/[locale]/page.tsx @ http://localhost:3000/_next/static/chunks/node_modules_next_dist_115brz8._.js:3272
[ 2035533ms] [ERROR] ./src/components/SiteHeader.tsx:142:7
the name `SOCIAL_LINKS` is defined multiple times
  140 | }
  141 |
> 142 | const SOCIAL_LINKS = [
      |       ^^^^^^^^^^^^
  143 |   { icon: WhatsAppIcon, href: SOCIAL_URLS.whatsapp, label: "WhatsApp" },
  144 |   { icon: InstagramIcon, href: SOCIAL_URLS.instagram, label: "Instagram" },
  145 |   { icon: TelegramIcon, href: SOCIAL_URLS.telegram, label: "Telegram" },

Ecmascript file had an error

Import trace:
  Server Component:
    ./src/components/SiteHeader.tsx
    ./src/app/[locale]/page.tsx @ http://localhost:3000/_next/static/chunks/node_modules_next_dist_115brz8._.js:3272
[ 2035594ms] [ERROR] ./src/components/SiteHeader.tsx:142:7
the name `SOCIAL_LINKS` is defined multiple times
  140 | }
  141 |
> 142 | const SOCIAL_LINKS = [
      |       ^^^^^^^^^^^^
  143 |   { icon: WhatsAppIcon, href: SOCIAL_URLS.whatsapp, label: "WhatsApp" },
  144 |   { icon: InstagramIcon, href: SOCIAL_URLS.instagram, label: "Instagram" },
  145 |   { icon: TelegramIcon, href: SOCIAL_URLS.telegram, label: "Telegram" },

Ecmascript file had an error

Import trace:
  Server Component:
    ./src/components/SiteHeader.tsx
    ./src/app/[locale]/page.tsx @ http://localhost:3000/_next/static/chunks/node_modules_next_dist_115brz8._.js:3272
[ 2035655ms] [ERROR] ./src/components/SiteHeader.tsx:142:7
the name `SOCIAL_LINKS` is defined multiple times
  140 | }
  141 |
> 142 | const SOCIAL_LINKS = [
      |       ^^^^^^^^^^^^
  143 |   { icon: WhatsAppIcon, href: SOCIAL_URLS.whatsapp, label: "WhatsApp" },
  144 |   { icon: InstagramIcon, href: SOCIAL_URLS.instagram, label: "Instagram" },
  145 |   { icon: TelegramIcon, href: SOCIAL_URLS.telegram, label: "Telegram" },

Ecmascript file had an error

Import trace:
  Server Component:
    ./src/components/SiteHeader.tsx
    ./src/app/[locale]/page.tsx @ http://localhost:3000/_next/static/chunks/node_modules_next_dist_115brz8._.js:3272
[ 2035717ms] [ERROR] ./src/components/SiteHeader.tsx:142:7
the name `SOCIAL_LINKS` is defined multiple times
  140 | }
  141 |
> 142 | const SOCIAL_LINKS = [
      |       ^^^^^^^^^^^^
  143 |   { icon: WhatsAppIcon, href: SOCIAL_URLS.whatsapp, label: "WhatsApp" },
  144 |   { icon: InstagramIcon, href: SOCIAL_URLS.instagram, label: "Instagram" },
  145 |   { icon: TelegramIcon, href: SOCIAL_URLS.telegram, label: "Telegram" },

Ecmascript file had an error

Import trace:
  Server Component:
    ./src/components/SiteHeader.tsx
    ./src/app/[locale]/page.tsx @ http://localhost:3000/_next/static/chunks/node_modules_next_dist_115brz8._.js:3272
[ 2035778ms] [ERROR] ./src/components/SiteHeader.tsx:142:7
the name `SOCIAL_LINKS` is defined multiple times
  140 | }
  141 |
> 142 | const SOCIAL_LINKS = [
      |       ^^^^^^^^^^^^
  143 |   { icon: WhatsAppIcon, href: SOCIAL_URLS.whatsapp, label: "WhatsApp" },
  144 |   { icon: InstagramIcon, href: SOCIAL_URLS.instagram, label: "Instagram" },
  145 |   { icon: TelegramIcon, href: SOCIAL_URLS.telegram, label: "Telegram" },

Ecmascript file had an error

Import trace:
  Server Component:
    ./src/components/SiteHeader.tsx
    ./src/app/[locale]/page.tsx @ http://localhost:3000/_next/static/chunks/node_modules_next_dist_115brz8._.js:3272
[ 2035840ms] [ERROR] ./src/components/SiteHeader.tsx:142:7
the name `SOCIAL_LINKS` is defined multiple times
  140 | }
  141 |
> 142 | const SOCIAL_LINKS = [
      |       ^^^^^^^^^^^^
  143 |   { icon: WhatsAppIcon, href: SOCIAL_URLS.whatsapp, label: "WhatsApp" },
  144 |   { icon: InstagramIcon, href: SOCIAL_URLS.instagram, label: "Instagram" },
  145 |   { icon: TelegramIcon, href: SOCIAL_URLS.telegram, label: "Telegram" },

Ecmascript file had an error

Import trace:
  Server Component:
    ./src/components/SiteHeader.tsx
    ./src/app/[locale]/page.tsx @ http://localhost:3000/_next/static/chunks/node_modules_next_dist_115brz8._.js:3272
[ 2035901ms] [ERROR] ./src/components/SiteHeader.tsx:142:7
the name `SOCIAL_LINKS` is defined multiple times
  140 | }
  141 |
> 142 | const SOCIAL_LINKS = [
      |       ^^^^^^^^^^^^
  143 |   { icon: WhatsAppIcon, href: SOCIAL_URLS.whatsapp, label: "WhatsApp" },
  144 |   { icon: InstagramIcon, href: SOCIAL_URLS.instagram, label: "Instagram" },
  145 |   { icon: TelegramIcon, href: SOCIAL_URLS.telegram, label: "Telegram" },

Ecmascript file had an error

Import trace:
  Server Component:
    ./src/components/SiteHeader.tsx
    ./src/app/[locale]/page.tsx @ http://localhost:3000/_next/static/chunks/node_modules_next_dist_115brz8._.js:3272
[ 2035962ms] [ERROR] ./src/components/SiteHeader.tsx:142:7
the name `SOCIAL_LINKS` is defined multiple times
  140 | }
  141 |
> 142 | const SOCIAL_LINKS = [
      |       ^^^^^^^^^^^^
  143 |   { icon: WhatsAppIcon, href: SOCIAL_URLS.whatsapp, label: "WhatsApp" },
  144 |   { icon: InstagramIcon, href: SOCIAL_URLS.instagram, label: "Instagram" },
  145 |   { icon: TelegramIcon, href: SOCIAL_URLS.telegram, label: "Telegram" },

Ecmascript file had an error

Import trace:
  Server Component:
    ./src/components/SiteHeader.tsx
    ./src/app/[locale]/page.tsx @ http://localhost:3000/_next/static/chunks/node_modules_next_dist_115brz8._.js:3272
[ 2036022ms] [ERROR] ./src/components/SiteHeader.tsx:142:7
the name `SOCIAL_LINKS` is defined multiple times
  140 | }
  141 |
> 142 | const SOCIAL_LINKS = [
      |       ^^^^^^^^^^^^
  143 |   { icon: WhatsAppIcon, href: SOCIAL_URLS.whatsapp, label: "WhatsApp" },
  144 |   { icon: InstagramIcon, href: SOCIAL_URLS.instagram, label: "Instagram" },
  145 |   { icon: TelegramIcon, href: SOCIAL_URLS.telegram, label: "Telegram" },

Ecmascript file had an error

Import trace:
  Server Component:
    ./src/components/SiteHeader.tsx
    ./src/app/[locale]/page.tsx @ http://localhost:3000/_next/static/chunks/node_modules_next_dist_115brz8._.js:3272
[ 2036082ms] [ERROR] ./src/components/SiteHeader.tsx:142:7
the name `SOCIAL_LINKS` is defined multiple times
  140 | }
  141 |
> 142 | const SOCIAL_LINKS = [
      |       ^^^^^^^^^^^^
  143 |   { icon: WhatsAppIcon, href: SOCIAL_URLS.whatsapp, label: "WhatsApp" },
  144 |   { icon: InstagramIcon, href: SOCIAL_URLS.instagram, label: "Instagram" },
  145 |   { icon: TelegramIcon, href: SOCIAL_URLS.telegram, label: "Telegram" },

Ecmascript file had an error

Import trace:
  Server Component:
    ./src/components/SiteHeader.tsx
    ./src/app/[locale]/page.tsx @ http://localhost:3000/_next/static/chunks/node_modules_next_dist_115brz8._.js:3272
[ 2036143ms] [ERROR] ./src/components/SiteHeader.tsx:142:7
the name `SOCIAL_LINKS` is defined multiple times
  140 | }
  141 |
> 142 | const SOCIAL_LINKS = [
      |       ^^^^^^^^^^^^
  143 |   { icon: WhatsAppIcon, href: SOCIAL_URLS.whatsapp, label: "WhatsApp" },
  144 |   { icon: InstagramIcon, href: SOCIAL_URLS.instagram, label: "Instagram" },
  145 |   { icon: TelegramIcon, href: SOCIAL_URLS.telegram, label: "Telegram" },

Ecmascript file had an error

Import trace:
  Server Component:
    ./src/components/SiteHeader.tsx
    ./src/app/[locale]/page.tsx @ http://localhost:3000/_next/static/chunks/node_modules_next_dist_115brz8._.js:3272
[ 2036204ms] [ERROR] ./src/components/SiteHeader.tsx:142:7
the name `SOCIAL_LINKS` is defined multiple times
  140 | }
  141 |
> 142 | const SOCIAL_LINKS = [
      |       ^^^^^^^^^^^^
  143 |   { icon: WhatsAppIcon, href: SOCIAL_URLS.whatsapp, label: "WhatsApp" },
  144 |   { icon: InstagramIcon, href: SOCIAL_URLS.instagram, label: "Instagram" },
  145 |   { icon: TelegramIcon, href: SOCIAL_URLS.telegram, label: "Telegram" },

Ecmascript file had an error

Import trace:
  Server Component:
    ./src/components/SiteHeader.tsx
    ./src/app/[locale]/page.tsx @ http://localhost:3000/_next/static/chunks/node_modules_next_dist_115brz8._.js:3272
[ 2036265ms] [ERROR] ./src/components/SiteHeader.tsx:142:7
the name `SOCIAL_LINKS` is defined multiple times
  140 | }
  141 |
> 142 | const SOCIAL_LINKS = [
      |       ^^^^^^^^^^^^
  143 |   { icon: WhatsAppIcon, href: SOCIAL_URLS.whatsapp, label: "WhatsApp" },
  144 |   { icon: InstagramIcon, href: SOCIAL_URLS.instagram, label: "Instagram" },
  145 |   { icon: TelegramIcon, href: SOCIAL_URLS.telegram, label: "Telegram" },

Ecmascript file had an error

Import trace:
  Server Component:
    ./src/components/SiteHeader.tsx
    ./src/app/[locale]/page.tsx @ http://localhost:3000/_next/static/chunks/node_modules_next_dist_115brz8._.js:3272
[ 2036326ms] [ERROR] ./src/components/SiteHeader.tsx:142:7
the name `SOCIAL_LINKS` is defined multiple times
  140 | }
  141 |
> 142 | const SOCIAL_LINKS = [
      |       ^^^^^^^^^^^^
  143 |   { icon: WhatsAppIcon, href: SOCIAL_URLS.whatsapp, label: "WhatsApp" },
  144 |   { icon: InstagramIcon, href: SOCIAL_URLS.instagram, label: "Instagram" },
  145 |   { icon: TelegramIcon, href: SOCIAL_URLS.telegram, label: "Telegram" },

Ecmascript file had an error

Import trace:
  Server Component:
    ./src/components/SiteHeader.tsx
    ./src/app/[locale]/page.tsx @ http://localhost:3000/_next/static/chunks/node_modules_next_dist_115brz8._.js:3272
[ 2036385ms] [ERROR] ./src/components/SiteHeader.tsx:142:7
the name `SOCIAL_LINKS` is defined multiple times
  140 | }
  141 |
> 142 | const SOCIAL_LINKS = [
      |       ^^^^^^^^^^^^
  143 |   { icon: WhatsAppIcon, href: SOCIAL_URLS.whatsapp, label: "WhatsApp" },
  144 |   { icon: InstagramIcon, href: SOCIAL_URLS.instagram, label: "Instagram" },
  145 |   { icon: TelegramIcon, href: SOCIAL_URLS.telegram, label: "Telegram" },

Ecmascript file had an error

Import trace:
  Server Component:
    ./src/components/SiteHeader.tsx
    ./src/app/[locale]/page.tsx @ http://localhost:3000/_next/static/chunks/node_modules_next_dist_115brz8._.js:3272
[ 2036447ms] [ERROR] ./src/components/SiteHeader.tsx:142:7
the name `SOCIAL_LINKS` is defined multiple times
  140 | }
  141 |
> 142 | const SOCIAL_LINKS = [
      |       ^^^^^^^^^^^^
  143 |   { icon: WhatsAppIcon, href: SOCIAL_URLS.whatsapp, label: "WhatsApp" },
  144 |   { icon: InstagramIcon, href: SOCIAL_URLS.instagram, label: "Instagram" },
  145 |   { icon: TelegramIcon, href: SOCIAL_URLS.telegram, label: "Telegram" },

Ecmascript file had an error

Import trace:
  Server Component:
    ./src/components/SiteHeader.tsx
    ./src/app/[locale]/page.tsx @ http://localhost:3000/_next/static/chunks/node_modules_next_dist_115brz8._.js:3272
[ 2036508ms] [ERROR] ./src/components/SiteHeader.tsx:142:7
the name `SOCIAL_LINKS` is defined multiple times
  140 | }
  141 |
> 142 | const SOCIAL_LINKS = [
      |       ^^^^^^^^^^^^
  143 |   { icon: WhatsAppIcon, href: SOCIAL_URLS.whatsapp, label: "WhatsApp" },
  144 |   { icon: InstagramIcon, href: SOCIAL_URLS.instagram, label: "Instagram" },
  145 |   { icon: TelegramIcon, href: SOCIAL_URLS.telegram, label: "Telegram" },

Ecmascript file had an error

Import trace:
  Server Component:
    ./src/components/SiteHeader.tsx
    ./src/app/[locale]/page.tsx @ http://localhost:3000/_next/static/chunks/node_modules_next_dist_115brz8._.js:3272
[ 2036569ms] [ERROR] ./src/components/SiteHeader.tsx:142:7
the name `SOCIAL_LINKS` is defined multiple times
  140 | }
  141 |
> 142 | const SOCIAL_LINKS = [
      |       ^^^^^^^^^^^^
  143 |   { icon: WhatsAppIcon, href: SOCIAL_URLS.whatsapp, label: "WhatsApp" },
  144 |   { icon: InstagramIcon, href: SOCIAL_URLS.instagram, label: "Instagram" },
  145 |   { icon: TelegramIcon, href: SOCIAL_URLS.telegram, label: "Telegram" },

Ecmascript file had an error

Import trace:
  Server Component:
    ./src/components/SiteHeader.tsx
    ./src/app/[locale]/page.tsx @ http://localhost:3000/_next/static/chunks/node_modules_next_dist_115brz8._.js:3272
[ 2036629ms] [ERROR] ./src/components/SiteHeader.tsx:142:7
the name `SOCIAL_LINKS` is defined multiple times
  140 | }
  141 |
> 142 | const SOCIAL_LINKS = [
      |       ^^^^^^^^^^^^
  143 |   { icon: WhatsAppIcon, href: SOCIAL_URLS.whatsapp, label: "WhatsApp" },
  144 |   { icon: InstagramIcon, href: SOCIAL_URLS.instagram, label: "Instagram" },
  145 |   { icon: TelegramIcon, href: SOCIAL_URLS.telegram, label: "Telegram" },

Ecmascript file had an error

Import trace:
  Server Component:
    ./src/components/SiteHeader.tsx
    ./src/app/[locale]/page.tsx @ http://localhost:3000/_next/static/chunks/node_modules_next_dist_115brz8._.js:3272
[ 2036691ms] [ERROR] ./src/components/SiteHeader.tsx:142:7
the name `SOCIAL_LINKS` is defined multiple times
  140 | }
  141 |
> 142 | const SOCIAL_LINKS = [
      |       ^^^^^^^^^^^^
  143 |   { icon: WhatsAppIcon, href: SOCIAL_URLS.whatsapp, label: "WhatsApp" },
  144 |   { icon: InstagramIcon, href: SOCIAL_URLS.instagram, label: "Instagram" },
  145 |   { icon: TelegramIcon, href: SOCIAL_URLS.telegram, label: "Telegram" },

Ecmascript file had an error

Import trace:
  Server Component:
    ./src/components/SiteHeader.tsx
    ./src/app/[locale]/page.tsx @ http://localhost:3000/_next/static/chunks/node_modules_next_dist_115brz8._.js:3272
[ 2036752ms] [ERROR] ./src/components/SiteHeader.tsx:142:7
the name `SOCIAL_LINKS` is defined multiple times
  140 | }
  141 |
> 142 | const SOCIAL_LINKS = [
      |       ^^^^^^^^^^^^
  143 |   { icon: WhatsAppIcon, href: SOCIAL_URLS.whatsapp, label: "WhatsApp" },
  144 |   { icon: InstagramIcon, href: SOCIAL_URLS.instagram, label: "Instagram" },
  145 |   { icon: TelegramIcon, href: SOCIAL_URLS.telegram, label: "Telegram" },

Ecmascript file had an error

Import trace:
  Server Component:
    ./src/components/SiteHeader.tsx
    ./src/app/[locale]/page.tsx @ http://localhost:3000/_next/static/chunks/node_modules_next_dist_115brz8._.js:3272
[ 2036813ms] [ERROR] ./src/components/SiteHeader.tsx:142:7
the name `SOCIAL_LINKS` is defined multiple times
  140 | }
  141 |
> 142 | const SOCIAL_LINKS = [
      |       ^^^^^^^^^^^^
  143 |   { icon: WhatsAppIcon, href: SOCIAL_URLS.whatsapp, label: "WhatsApp" },
  144 |   { icon: InstagramIcon, href: SOCIAL_URLS.instagram, label: "Instagram" },
  145 |   { icon: TelegramIcon, href: SOCIAL_URLS.telegram, label: "Telegram" },

Ecmascript file had an error

Import trace:
  Server Component:
    ./src/components/SiteHeader.tsx
    ./src/app/[locale]/page.tsx @ http://localhost:3000/_next/static/chunks/node_modules_next_dist_115brz8._.js:3272
[ 2036874ms] [ERROR] ./src/components/SiteHeader.tsx:142:7
the name `SOCIAL_LINKS` is defined multiple times
  140 | }
  141 |
> 142 | const SOCIAL_LINKS = [
      |       ^^^^^^^^^^^^
  143 |   { icon: WhatsAppIcon, href: SOCIAL_URLS.whatsapp, label: "WhatsApp" },
  144 |   { icon: InstagramIcon, href: SOCIAL_URLS.instagram, label: "Instagram" },
  145 |   { icon: TelegramIcon, href: SOCIAL_URLS.telegram, label: "Telegram" },

Ecmascript file had an error

Import trace:
  Server Component:
    ./src/components/SiteHeader.tsx
    ./src/app/[locale]/page.tsx @ http://localhost:3000/_next/static/chunks/node_modules_next_dist_115brz8._.js:3272
[ 2036936ms] [ERROR] ./src/components/SiteHeader.tsx:142:7
the name `SOCIAL_LINKS` is defined multiple times
  140 | }
  141 |
> 142 | const SOCIAL_LINKS = [
      |       ^^^^^^^^^^^^
  143 |   { icon: WhatsAppIcon, href: SOCIAL_URLS.whatsapp, label: "WhatsApp" },
  144 |   { icon: InstagramIcon, href: SOCIAL_URLS.instagram, label: "Instagram" },
  145 |   { icon: TelegramIcon, href: SOCIAL_URLS.telegram, label: "Telegram" },

Ecmascript file had an error

Import trace:
  Server Component:
    ./src/components/SiteHeader.tsx
    ./src/app/[locale]/page.tsx @ http://localhost:3000/_next/static/chunks/node_modules_next_dist_115brz8._.js:3272
[ 2036996ms] [ERROR] ./src/components/SiteHeader.tsx:142:7
the name `SOCIAL_LINKS` is defined multiple times
  140 | }
  141 |
> 142 | const SOCIAL_LINKS = [
      |       ^^^^^^^^^^^^
  143 |   { icon: WhatsAppIcon, href: SOCIAL_URLS.whatsapp, label: "WhatsApp" },
  144 |   { icon: InstagramIcon, href: SOCIAL_URLS.instagram, label: "Instagram" },
  145 |   { icon: TelegramIcon, href: SOCIAL_URLS.telegram, label: "Telegram" },

Ecmascript file had an error

Import trace:
  Server Component:
    ./src/components/SiteHeader.tsx
    ./src/app/[locale]/page.tsx @ http://localhost:3000/_next/static/chunks/node_modules_next_dist_115brz8._.js:3272
[ 2037057ms] [ERROR] ./src/components/SiteHeader.tsx:142:7
the name `SOCIAL_LINKS` is defined multiple times
  140 | }
  141 |
> 142 | const SOCIAL_LINKS = [
      |       ^^^^^^^^^^^^
  143 |   { icon: WhatsAppIcon, href: SOCIAL_URLS.whatsapp, label: "WhatsApp" },
  144 |   { icon: InstagramIcon, href: SOCIAL_URLS.instagram, label: "Instagram" },
  145 |   { icon: TelegramIcon, href: SOCIAL_URLS.telegram, label: "Telegram" },

Ecmascript file had an error

Import trace:
  Server Component:
    ./src/components/SiteHeader.tsx
    ./src/app/[locale]/page.tsx @ http://localhost:3000/_next/static/chunks/node_modules_next_dist_115brz8._.js:3272
[ 2037119ms] [ERROR] ./src/components/SiteHeader.tsx:142:7
the name `SOCIAL_LINKS` is defined multiple times
  140 | }
  141 |
> 142 | const SOCIAL_LINKS = [
      |       ^^^^^^^^^^^^
  143 |   { icon: WhatsAppIcon, href: SOCIAL_URLS.whatsapp, label: "WhatsApp" },
  144 |   { icon: InstagramIcon, href: SOCIAL_URLS.instagram, label: "Instagram" },
  145 |   { icon: TelegramIcon, href: SOCIAL_URLS.telegram, label: "Telegram" },

Ecmascript file had an error

Import trace:
  Server Component:
    ./src/components/SiteHeader.tsx
    ./src/app/[locale]/page.tsx @ http://localhost:3000/_next/static/chunks/node_modules_next_dist_115brz8._.js:3272
[ 2037179ms] [ERROR] ./src/components/SiteHeader.tsx:142:7
the name `SOCIAL_LINKS` is defined multiple times
  140 | }
  141 |
> 142 | const SOCIAL_LINKS = [
      |       ^^^^^^^^^^^^
  143 |   { icon: WhatsAppIcon, href: SOCIAL_URLS.whatsapp, label: "WhatsApp" },
  144 |   { icon: InstagramIcon, href: SOCIAL_URLS.instagram, label: "Instagram" },
  145 |   { icon: TelegramIcon, href: SOCIAL_URLS.telegram, label: "Telegram" },

Ecmascript file had an error

Import trace:
  Server Component:
    ./src/components/SiteHeader.tsx
    ./src/app/[locale]/page.tsx @ http://localhost:3000/_next/static/chunks/node_modules_next_dist_115brz8._.js:3272
[ 2037240ms] [ERROR] ./src/components/SiteHeader.tsx:142:7
the name `SOCIAL_LINKS` is defined multiple times
  140 | }
  141 |
> 142 | const SOCIAL_LINKS = [
      |       ^^^^^^^^^^^^
  143 |   { icon: WhatsAppIcon, href: SOCIAL_URLS.whatsapp, label: "WhatsApp" },
  144 |   { icon: InstagramIcon, href: SOCIAL_URLS.instagram, label: "Instagram" },
  145 |   { icon: TelegramIcon, href: SOCIAL_URLS.telegram, label: "Telegram" },

Ecmascript file had an error

Import trace:
  Server Component:
    ./src/components/SiteHeader.tsx
    ./src/app/[locale]/page.tsx @ http://localhost:3000/_next/static/chunks/node_modules_next_dist_115brz8._.js:3272
[ 2037301ms] [ERROR] ./src/components/SiteHeader.tsx:142:7
the name `SOCIAL_LINKS` is defined multiple times
  140 | }
  141 |
> 142 | const SOCIAL_LINKS = [
      |       ^^^^^^^^^^^^
  143 |   { icon: WhatsAppIcon, href: SOCIAL_URLS.whatsapp, label: "WhatsApp" },
  144 |   { icon: InstagramIcon, href: SOCIAL_URLS.instagram, label: "Instagram" },
  145 |   { icon: TelegramIcon, href: SOCIAL_URLS.telegram, label: "Telegram" },

Ecmascript file had an error

Import trace:
  Server Component:
    ./src/components/SiteHeader.tsx
    ./src/app/[locale]/page.tsx @ http://localhost:3000/_next/static/chunks/node_modules_next_dist_115brz8._.js:3272
[ 2037361ms] [ERROR] ./src/components/SiteHeader.tsx:142:7
the name `SOCIAL_LINKS` is defined multiple times
  140 | }
  141 |
> 142 | const SOCIAL_LINKS = [
      |       ^^^^^^^^^^^^
  143 |   { icon: WhatsAppIcon, href: SOCIAL_URLS.whatsapp, label: "WhatsApp" },
  144 |   { icon: InstagramIcon, href: SOCIAL_URLS.instagram, label: "Instagram" },
  145 |   { icon: TelegramIcon, href: SOCIAL_URLS.telegram, label: "Telegram" },

Ecmascript file had an error

Import trace:
  Server Component:
    ./src/components/SiteHeader.tsx
    ./src/app/[locale]/page.tsx @ http://localhost:3000/_next/static/chunks/node_modules_next_dist_115brz8._.js:3272
[ 2037421ms] [ERROR] ./src/components/SiteHeader.tsx:142:7
the name `SOCIAL_LINKS` is defined multiple times
  140 | }
  141 |
> 142 | const SOCIAL_LINKS = [
      |       ^^^^^^^^^^^^
  143 |   { icon: WhatsAppIcon, href: SOCIAL_URLS.whatsapp, label: "WhatsApp" },
  144 |   { icon: InstagramIcon, href: SOCIAL_URLS.instagram, label: "Instagram" },
  145 |   { icon: TelegramIcon, href: SOCIAL_URLS.telegram, label: "Telegram" },

Ecmascript file had an error

Import trace:
  Server Component:
    ./src/components/SiteHeader.tsx
    ./src/app/[locale]/page.tsx @ http://localhost:3000/_next/static/chunks/node_modules_next_dist_115brz8._.js:3272
[ 2037483ms] [ERROR] ./src/components/SiteHeader.tsx:142:7
the name `SOCIAL_LINKS` is defined multiple times
  140 | }
  141 |
> 142 | const SOCIAL_LINKS = [
      |       ^^^^^^^^^^^^
  143 |   { icon: WhatsAppIcon, href: SOCIAL_URLS.whatsapp, label: "WhatsApp" },
  144 |   { icon: InstagramIcon, href: SOCIAL_URLS.instagram, label: "Instagram" },
  145 |   { icon: TelegramIcon, href: SOCIAL_URLS.telegram, label: "Telegram" },

Ecmascript file had an error

Import trace:
  Server Component:
    ./src/components/SiteHeader.tsx
    ./src/app/[locale]/page.tsx @ http://localhost:3000/_next/static/chunks/node_modules_next_dist_115brz8._.js:3272
[ 2037543ms] [ERROR] ./src/components/SiteHeader.tsx:142:7
the name `SOCIAL_LINKS` is defined multiple times
  140 | }
  141 |
> 142 | const SOCIAL_LINKS = [
      |       ^^^^^^^^^^^^
  143 |   { icon: WhatsAppIcon, href: SOCIAL_URLS.whatsapp, label: "WhatsApp" },
  144 |   { icon: InstagramIcon, href: SOCIAL_URLS.instagram, label: "Instagram" },
  145 |   { icon: TelegramIcon, href: SOCIAL_URLS.telegram, label: "Telegram" },

Ecmascript file had an error

Import trace:
  Server Component:
    ./src/components/SiteHeader.tsx
    ./src/app/[locale]/page.tsx @ http://localhost:3000/_next/static/chunks/node_modules_next_dist_115brz8._.js:3272
[ 2037604ms] [ERROR] ./src/components/SiteHeader.tsx:142:7
the name `SOCIAL_LINKS` is defined multiple times
  140 | }
  141 |
> 142 | const SOCIAL_LINKS = [
      |       ^^^^^^^^^^^^
  143 |   { icon: WhatsAppIcon, href: SOCIAL_URLS.whatsapp, label: "WhatsApp" },
  144 |   { icon: InstagramIcon, href: SOCIAL_URLS.instagram, label: "Instagram" },
  145 |   { icon: TelegramIcon, href: SOCIAL_URLS.telegram, label: "Telegram" },

Ecmascript file had an error

Import trace:
  Server Component:
    ./src/components/SiteHeader.tsx
    ./src/app/[locale]/page.tsx @ http://localhost:3000/_next/static/chunks/node_modules_next_dist_115brz8._.js:3272
[ 2037665ms] [ERROR] ./src/components/SiteHeader.tsx:142:7
the name `SOCIAL_LINKS` is defined multiple times
  140 | }
  141 |
> 142 | const SOCIAL_LINKS = [
      |       ^^^^^^^^^^^^
  143 |   { icon: WhatsAppIcon, href: SOCIAL_URLS.whatsapp, label: "WhatsApp" },
  144 |   { icon: InstagramIcon, href: SOCIAL_URLS.instagram, label: "Instagram" },
  145 |   { icon: TelegramIcon, href: SOCIAL_URLS.telegram, label: "Telegram" },

Ecmascript file had an error

Import trace:
  Server Component:
    ./src/components/SiteHeader.tsx
    ./src/app/[locale]/page.tsx @ http://localhost:3000/_next/static/chunks/node_modules_next_dist_115brz8._.js:3272
[ 2037726ms] [ERROR] ./src/components/SiteHeader.tsx:142:7
the name `SOCIAL_LINKS` is defined multiple times
  140 | }
  141 |
> 142 | const SOCIAL_LINKS = [
      |       ^^^^^^^^^^^^
  143 |   { icon: WhatsAppIcon, href: SOCIAL_URLS.whatsapp, label: "WhatsApp" },
  144 |   { icon: InstagramIcon, href: SOCIAL_URLS.instagram, label: "Instagram" },
  145 |   { icon: TelegramIcon, href: SOCIAL_URLS.telegram, label: "Telegram" },

Ecmascript file had an error

Import trace:
  Server Component:
    ./src/components/SiteHeader.tsx
    ./src/app/[locale]/page.tsx @ http://localhost:3000/_next/static/chunks/node_modules_next_dist_115brz8._.js:3272
[ 2037788ms] [ERROR] ./src/components/SiteHeader.tsx:142:7
the name `SOCIAL_LINKS` is defined multiple times
  140 | }
  141 |
> 142 | const SOCIAL_LINKS = [
      |       ^^^^^^^^^^^^
  143 |   { icon: WhatsAppIcon, href: SOCIAL_URLS.whatsapp, label: "WhatsApp" },
  144 |   { icon: InstagramIcon, href: SOCIAL_URLS.instagram, label: "Instagram" },
  145 |   { icon: TelegramIcon, href: SOCIAL_URLS.telegram, label: "Telegram" },

Ecmascript file had an error

Import trace:
  Server Component:
    ./src/components/SiteHeader.tsx
    ./src/app/[locale]/page.tsx @ http://localhost:3000/_next/static/chunks/node_modules_next_dist_115brz8._.js:3272
[ 2037848ms] [ERROR] ./src/components/SiteHeader.tsx:142:7
the name `SOCIAL_LINKS` is defined multiple times
  140 | }
  141 |
> 142 | const SOCIAL_LINKS = [
      |       ^^^^^^^^^^^^
  143 |   { icon: WhatsAppIcon, href: SOCIAL_URLS.whatsapp, label: "WhatsApp" },
  144 |   { icon: InstagramIcon, href: SOCIAL_URLS.instagram, label: "Instagram" },
  145 |   { icon: TelegramIcon, href: SOCIAL_URLS.telegram, label: "Telegram" },

Ecmascript file had an error

Import trace:
  Server Component:
    ./src/components/SiteHeader.tsx
    ./src/app/[locale]/page.tsx @ http://localhost:3000/_next/static/chunks/node_modules_next_dist_115brz8._.js:3272
[ 2037910ms] [ERROR] ./src/components/SiteHeader.tsx:142:7
the name `SOCIAL_LINKS` is defined multiple times
  140 | }
  141 |
> 142 | const SOCIAL_LINKS = [
      |       ^^^^^^^^^^^^
  143 |   { icon: WhatsAppIcon, href: SOCIAL_URLS.whatsapp, label: "WhatsApp" },
  144 |   { icon: InstagramIcon, href: SOCIAL_URLS.instagram, label: "Instagram" },
  145 |   { icon: TelegramIcon, href: SOCIAL_URLS.telegram, label: "Telegram" },

Ecmascript file had an error

Import trace:
  Server Component:
    ./src/components/SiteHeader.tsx
    ./src/app/[locale]/page.tsx @ http://localhost:3000/_next/static/chunks/node_modules_next_dist_115brz8._.js:3272
[ 2037971ms] [ERROR] ./src/components/SiteHeader.tsx:142:7
the name `SOCIAL_LINKS` is defined multiple times
  140 | }
  141 |
> 142 | const SOCIAL_LINKS = [
      |       ^^^^^^^^^^^^
  143 |   { icon: WhatsAppIcon, href: SOCIAL_URLS.whatsapp, label: "WhatsApp" },
  144 |   { icon: InstagramIcon, href: SOCIAL_URLS.instagram, label: "Instagram" },
  145 |   { icon: TelegramIcon, href: SOCIAL_URLS.telegram, label: "Telegram" },

Ecmascript file had an error

Import trace:
  Server Component:
    ./src/components/SiteHeader.tsx
    ./src/app/[locale]/page.tsx @ http://localhost:3000/_next/static/chunks/node_modules_next_dist_115brz8._.js:3272
[ 2038032ms] [ERROR] ./src/components/SiteHeader.tsx:142:7
the name `SOCIAL_LINKS` is defined multiple times
  140 | }
  141 |
> 142 | const SOCIAL_LINKS = [
      |       ^^^^^^^^^^^^
  143 |   { icon: WhatsAppIcon, href: SOCIAL_URLS.whatsapp, label: "WhatsApp" },
  144 |   { icon: InstagramIcon, href: SOCIAL_URLS.instagram, label: "Instagram" },
  145 |   { icon: TelegramIcon, href: SOCIAL_URLS.telegram, label: "Telegram" },

Ecmascript file had an error

Import trace:
  Server Component:
    ./src/components/SiteHeader.tsx
    ./src/app/[locale]/page.tsx @ http://localhost:3000/_next/static/chunks/node_modules_next_dist_115brz8._.js:3272
[ 2038092ms] [ERROR] ./src/components/SiteHeader.tsx:142:7
the name `SOCIAL_LINKS` is defined multiple times
  140 | }
  141 |
> 142 | const SOCIAL_LINKS = [
      |       ^^^^^^^^^^^^
  143 |   { icon: WhatsAppIcon, href: SOCIAL_URLS.whatsapp, label: "WhatsApp" },
  144 |   { icon: InstagramIcon, href: SOCIAL_URLS.instagram, label: "Instagram" },
  145 |   { icon: TelegramIcon, href: SOCIAL_URLS.telegram, label: "Telegram" },

Ecmascript file had an error

Import trace:
  Server Component:
    ./src/components/SiteHeader.tsx
    ./src/app/[locale]/page.tsx @ http://localhost:3000/_next/static/chunks/node_modules_next_dist_115brz8._.js:3272
[ 2038153ms] [ERROR] ./src/components/SiteHeader.tsx:142:7
the name `SOCIAL_LINKS` is defined multiple times
  140 | }
  141 |
> 142 | const SOCIAL_LINKS = [
      |       ^^^^^^^^^^^^
  143 |   { icon: WhatsAppIcon, href: SOCIAL_URLS.whatsapp, label: "WhatsApp" },
  144 |   { icon: InstagramIcon, href: SOCIAL_URLS.instagram, label: "Instagram" },
  145 |   { icon: TelegramIcon, href: SOCIAL_URLS.telegram, label: "Telegram" },

Ecmascript file had an error

Import trace:
  Server Component:
    ./src/components/SiteHeader.tsx
    ./src/app/[locale]/page.tsx @ http://localhost:3000/_next/static/chunks/node_modules_next_dist_115brz8._.js:3272
[ 2038214ms] [ERROR] ./src/components/SiteHeader.tsx:142:7
the name `SOCIAL_LINKS` is defined multiple times
  140 | }
  141 |
> 142 | const SOCIAL_LINKS = [
      |       ^^^^^^^^^^^^
  143 |   { icon: WhatsAppIcon, href: SOCIAL_URLS.whatsapp, label: "WhatsApp" },
  144 |   { icon: InstagramIcon, href: SOCIAL_URLS.instagram, label: "Instagram" },
  145 |   { icon: TelegramIcon, href: SOCIAL_URLS.telegram, label: "Telegram" },

Ecmascript file had an error

Import trace:
  Server Component:
    ./src/components/SiteHeader.tsx
    ./src/app/[locale]/page.tsx @ http://localhost:3000/_next/static/chunks/node_modules_next_dist_115brz8._.js:3272
[ 2038274ms] [ERROR] ./src/components/SiteHeader.tsx:142:7
the name `SOCIAL_LINKS` is defined multiple times
  140 | }
  141 |
> 142 | const SOCIAL_LINKS = [
      |       ^^^^^^^^^^^^
  143 |   { icon: WhatsAppIcon, href: SOCIAL_URLS.whatsapp, label: "WhatsApp" },
  144 |   { icon: InstagramIcon, href: SOCIAL_URLS.instagram, label: "Instagram" },
  145 |   { icon: TelegramIcon, href: SOCIAL_URLS.telegram, label: "Telegram" },

Ecmascript file had an error

Import trace:
  Server Component:
    ./src/components/SiteHeader.tsx
    ./src/app/[locale]/page.tsx @ http://localhost:3000/_next/static/chunks/node_modules_next_dist_115brz8._.js:3272
[ 2038334ms] [ERROR] ./src/components/SiteHeader.tsx:142:7
the name `SOCIAL_LINKS` is defined multiple times
  140 | }
  141 |
> 142 | const SOCIAL_LINKS = [
      |       ^^^^^^^^^^^^
  143 |   { icon: WhatsAppIcon, href: SOCIAL_URLS.whatsapp, label: "WhatsApp" },
  144 |   { icon: InstagramIcon, href: SOCIAL_URLS.instagram, label: "Instagram" },
  145 |   { icon: TelegramIcon, href: SOCIAL_URLS.telegram, label: "Telegram" },

Ecmascript file had an error

Import trace:
  Server Component:
    ./src/components/SiteHeader.tsx
    ./src/app/[locale]/page.tsx @ http://localhost:3000/_next/static/chunks/node_modules_next_dist_115brz8._.js:3272
[ 2038396ms] [ERROR] ./src/components/SiteHeader.tsx:142:7
the name `SOCIAL_LINKS` is defined multiple times
  140 | }
  141 |
> 142 | const SOCIAL_LINKS = [
      |       ^^^^^^^^^^^^
  143 |   { icon: WhatsAppIcon, href: SOCIAL_URLS.whatsapp, label: "WhatsApp" },
  144 |   { icon: InstagramIcon, href: SOCIAL_URLS.instagram, label: "Instagram" },
  145 |   { icon: TelegramIcon, href: SOCIAL_URLS.telegram, label: "Telegram" },

Ecmascript file had an error

Import trace:
  Server Component:
    ./src/components/SiteHeader.tsx
    ./src/app/[locale]/page.tsx @ http://localhost:3000/_next/static/chunks/node_modules_next_dist_115brz8._.js:3272
[ 2038458ms] [ERROR] ./src/components/SiteHeader.tsx:142:7
the name `SOCIAL_LINKS` is defined multiple times
  140 | }
  141 |
> 142 | const SOCIAL_LINKS = [
      |       ^^^^^^^^^^^^
  143 |   { icon: WhatsAppIcon, href: SOCIAL_URLS.whatsapp, label: "WhatsApp" },
  144 |   { icon: InstagramIcon, href: SOCIAL_URLS.instagram, label: "Instagram" },
  145 |   { icon: TelegramIcon, href: SOCIAL_URLS.telegram, label: "Telegram" },

Ecmascript file had an error

Import trace:
  Server Component:
    ./src/components/SiteHeader.tsx
    ./src/app/[locale]/page.tsx @ http://localhost:3000/_next/static/chunks/node_modules_next_dist_115brz8._.js:3272
[ 2038518ms] [ERROR] ./src/components/SiteHeader.tsx:142:7
the name `SOCIAL_LINKS` is defined multiple times
  140 | }
  141 |
> 142 | const SOCIAL_LINKS = [
      |       ^^^^^^^^^^^^
  143 |   { icon: WhatsAppIcon, href: SOCIAL_URLS.whatsapp, label: "WhatsApp" },
  144 |   { icon: InstagramIcon, href: SOCIAL_URLS.instagram, label: "Instagram" },
  145 |   { icon: TelegramIcon, href: SOCIAL_URLS.telegram, label: "Telegram" },

Ecmascript file had an error

Import trace:
  Server Component:
    ./src/components/SiteHeader.tsx
    ./src/app/[locale]/page.tsx @ http://localhost:3000/_next/static/chunks/node_modules_next_dist_115brz8._.js:3272
[ 2038579ms] [ERROR] ./src/components/SiteHeader.tsx:142:7
the name `SOCIAL_LINKS` is defined multiple times
  140 | }
  141 |
> 142 | const SOCIAL_LINKS = [
      |       ^^^^^^^^^^^^
  143 |   { icon: WhatsAppIcon, href: SOCIAL_URLS.whatsapp, label: "WhatsApp" },
  144 |   { icon: InstagramIcon, href: SOCIAL_URLS.instagram, label: "Instagram" },
  145 |   { icon: TelegramIcon, href: SOCIAL_URLS.telegram, label: "Telegram" },

Ecmascript file had an error

Import trace:
  Server Component:
    ./src/components/SiteHeader.tsx
    ./src/app/[locale]/page.tsx @ http://localhost:3000/_next/static/chunks/node_modules_next_dist_115brz8._.js:3272
[ 2038640ms] [ERROR] ./src/components/SiteHeader.tsx:142:7
the name `SOCIAL_LINKS` is defined multiple times
  140 | }
  141 |
> 142 | const SOCIAL_LINKS = [
      |       ^^^^^^^^^^^^
  143 |   { icon: WhatsAppIcon, href: SOCIAL_URLS.whatsapp, label: "WhatsApp" },
  144 |   { icon: InstagramIcon, href: SOCIAL_URLS.instagram, label: "Instagram" },
  145 |   { icon: TelegramIcon, href: SOCIAL_URLS.telegram, label: "Telegram" },

Ecmascript file had an error

Import trace:
  Server Component:
    ./src/components/SiteHeader.tsx
    ./src/app/[locale]/page.tsx @ http://localhost:3000/_next/static/chunks/node_modules_next_dist_115brz8._.js:3272
[ 2038702ms] [ERROR] ./src/components/SiteHeader.tsx:142:7
the name `SOCIAL_LINKS` is defined multiple times
  140 | }
  141 |
> 142 | const SOCIAL_LINKS = [
      |       ^^^^^^^^^^^^
  143 |   { icon: WhatsAppIcon, href: SOCIAL_URLS.whatsapp, label: "WhatsApp" },
  144 |   { icon: InstagramIcon, href: SOCIAL_URLS.instagram, label: "Instagram" },
  145 |   { icon: TelegramIcon, href: SOCIAL_URLS.telegram, label: "Telegram" },

Ecmascript file had an error

Import trace:
  Server Component:
    ./src/components/SiteHeader.tsx
    ./src/app/[locale]/page.tsx @ http://localhost:3000/_next/static/chunks/node_modules_next_dist_115brz8._.js:3272
[ 2038763ms] [ERROR] ./src/components/SiteHeader.tsx:142:7
the name `SOCIAL_LINKS` is defined multiple times
  140 | }
  141 |
> 142 | const SOCIAL_LINKS = [
      |       ^^^^^^^^^^^^
  143 |   { icon: WhatsAppIcon, href: SOCIAL_URLS.whatsapp, label: "WhatsApp" },
  144 |   { icon: InstagramIcon, href: SOCIAL_URLS.instagram, label: "Instagram" },
  145 |   { icon: TelegramIcon, href: SOCIAL_URLS.telegram, label: "Telegram" },

Ecmascript file had an error

Import trace:
  Server Component:
    ./src/components/SiteHeader.tsx
    ./src/app/[locale]/page.tsx @ http://localhost:3000/_next/static/chunks/node_modules_next_dist_115brz8._.js:3272
[ 2038824ms] [ERROR] ./src/components/SiteHeader.tsx:142:7
the name `SOCIAL_LINKS` is defined multiple times
  140 | }
  141 |
> 142 | const SOCIAL_LINKS = [
      |       ^^^^^^^^^^^^
  143 |   { icon: WhatsAppIcon, href: SOCIAL_URLS.whatsapp, label: "WhatsApp" },
  144 |   { icon: InstagramIcon, href: SOCIAL_URLS.instagram, label: "Instagram" },
  145 |   { icon: TelegramIcon, href: SOCIAL_URLS.telegram, label: "Telegram" },

Ecmascript file had an error

Import trace:
  Server Component:
    ./src/components/SiteHeader.tsx
    ./src/app/[locale]/page.tsx @ http://localhost:3000/_next/static/chunks/node_modules_next_dist_115brz8._.js:3272
[ 2038884ms] [ERROR] ./src/components/SiteHeader.tsx:142:7
the name `SOCIAL_LINKS` is defined multiple times
  140 | }
  141 |
> 142 | const SOCIAL_LINKS = [
      |       ^^^^^^^^^^^^
  143 |   { icon: WhatsAppIcon, href: SOCIAL_URLS.whatsapp, label: "WhatsApp" },
  144 |   { icon: InstagramIcon, href: SOCIAL_URLS.instagram, label: "Instagram" },
  145 |   { icon: TelegramIcon, href: SOCIAL_URLS.telegram, label: "Telegram" },

Ecmascript file had an error

Import trace:
  Server Component:
    ./src/components/SiteHeader.tsx
    ./src/app/[locale]/page.tsx @ http://localhost:3000/_next/static/chunks/node_modules_next_dist_115brz8._.js:3272
[ 2047292ms] ReferenceError: socialIcons is not defined
    at SiteFooter (about://React/Server/C:%5CUsers%5Csnake%5Csource%5Crepos%5Cservice-psy%5Cservices-psychologist-client%5C.next%5Cdev%5Cserver%5Cchunks%5Cssr%5C%5Broot-of-the-server%5D__0smpkpj._.js?834:1953:47)
    at resolveErrorDev (http://localhost:3000/_next/static/chunks/node_modules_next_dist_compiled_react-server-dom-turbopack_0p3wegg._.js:1919:150)
    at processFullStringRow (http://localhost:3000/_next/static/chunks/node_modules_next_dist_compiled_react-server-dom-turbopack_0p3wegg._.js:2434:29)
    at processFullBinaryRow (http://localhost:3000/_next/static/chunks/node_modules_next_dist_compiled_react-server-dom-turbopack_0p3wegg._.js:2393:9)
    at processBinaryChunk (http://localhost:3000/_next/static/chunks/node_modules_next_dist_compiled_react-server-dom-turbopack_0p3wegg._.js:2502:221)
    at progress (http://localhost:3000/_next/static/chunks/node_modules_next_dist_compiled_react-server-dom-turbopack_0p3wegg._.js:2689:13)
